scenario,person,seed,arm,tracking_mse,accuracy,rate_error,entropy,spectral_entropy,saturation_fraction,control_energy,washout_mse,weight_change,washout_weight_change,cap_events
nominal,0,100,sham,43.29959274309368,0.421,0.0028519221851060765,0.9468242989358749,0.16867040841298847,0.042125,0.0,0.8615112716558987,0.0,0.0,0
nominal,0,100,fixed,41.93750814489643,0.421,0.002870242714620702,0.9550227339368499,0.16991002886414197,0.0568125,0.04000000000000002,0.8602095831870757,0.0,0.0,0
nominal,0,100,rate,32.98921969789279,0.42133333333333334,0.00210849316737744,0.9440349637419114,0.21828987084474283,0.004958333333333334,0.028360062304084433,0.8615111585559904,0.0,0.0,0
nominal,0,100,entropy,31.149358938542,0.42133333333333334,0.00193008374627407,0.9439597366530431,0.23504106573815503,0.0005208333333333333,0.07422552442926021,0.8615110516340079,0.0,0.0,0
nominal,0,100,combined,29.86226214677396,0.42133333333333334,0.0018705943318510423,0.9433046008973563,0.23920225039211412,0.0008541666666666667,0.05455876231627589,0.8615111823036876,0.0,0.0,0
nominal,1,100,sham,123.75723586132607,0.421,0.0017837130865078561,0.9545338002393732,0.1824677329029182,0.06179166666666667,0.0,0.5429660383346017,0.0,0.0,0
nominal,1,100,fixed,88.44959764043027,0.581,0.0016457223348369547,0.9677811673246611,0.21619858400722297,0.4344375,0.1600000000000001,1.0299725948820322,0.0,0.0,0
nominal,1,100,rate,89.76633627904489,0.42133333333333334,0.0013775767650115046,0.9549661525475834,0.23130934804151967,0.06091666666666667,0.018691852136291227,0.5429660377125658,0.0,0.0,0
nominal,1,100,entropy,88.81717596064814,0.4216666666666667,0.001245781541501669,0.9543856974227916,0.27065233763013746,0.059583333333333335,0.07684552677882774,0.5429660363875034,0.0,0.0,0
nominal,1,100,combined,79.57201301147917,0.4216666666666667,0.0012239469932791005,0.9541314129403873,0.26169213447784057,0.059145833333333335,0.04271105153462506,0.5429660377275284,0.0,0.0,0
nominal,2,100,sham,131.93431620700676,0.421,0.003097989078225589,0.9574590280770708,0.15254569154077877,0.07064583333333334,0.0,0.6120438719833285,0.0,0.0,0
nominal,2,100,fixed,93.1129900951472,0.42,0.002680093156279149,0.9638642507948774,0.16723042948003827,0.434625,0.1600000000000001,1.0147783110980069,0.0,0.0,0
nominal,2,100,rate,99.2095144062375,0.42133333333333334,0.0024359403197002287,0.9474164018689345,0.19398431915714306,0.0653125,0.03340868076082696,0.6120438448013822,0.0,0.0,0
nominal,2,100,entropy,108.07108560990274,0.42133333333333334,0.0024968018175108493,0.9463055333436102,0.19635318950371713,0.059270833333333335,0.0774279633823512,0.6155820977768937,0.0,0.0,0
nominal,2,100,combined,91.83916498371501,0.42133333333333334,0.0022558283135826287,0.9478009881014563,0.21447232468485694,0.059375,0.0643744444412438,0.6120438295757922,0.0,0.0,0
nominal,3,100,sham,327.8346470671569,0.5796666666666667,0.004381153362184284,0.9539192254261109,0.19079735677629175,0.07845833333333334,0.0,0.5420022192028371,0.0,0.0,0
nominal,3,100,fixed,88.85925643617259,0.5776666666666667,0.0017694813565679657,0.9706439335264979,0.23061748108138105,0.4537291666666667,0.3599999999999999,3.898214059612669,0.0,0.0,0
nominal,3,100,rate,185.41924129050912,0.5793333333333334,0.0027574603693865567,0.9509374586828798,0.23524278940923302,0.09929166666666667,0.03581381658183486,0.5421367232850718,0.0,0.0,0
nominal,3,100,entropy,199.49297508332165,0.5796666666666667,0.0029070026162234027,0.9463398575817561,0.2617899652412828,0.1024375,0.0515467590608152,0.5420022046310011,0.0,0.0,0
nominal,3,100,combined,173.63247632224136,0.5793333333333334,0.002621155671751563,0.9509376041752771,0.2581724422564469,0.118125,0.0536660307645076,0.5420022156240129,0.0,0.0,0
nominal,4,100,sham,237.86598732857027,0.421,0.002637275723450391,0.9543465463888919,0.16216496126166385,0.43485416666666665,0.0,0.5272444597568905,0.0,0.0,0
nominal,4,100,fixed,110.54232547485448,0.6436666666666667,0.001754377651495513,0.9624200370702259,0.22032585750357211,0.4392916666666667,0.3599999999999999,4.347633701073392,0.0,0.0,0
nominal,4,100,rate,168.56143383457092,0.42133333333333334,0.0019895266722761607,0.9522310194472302,0.207864652536393,0.395375,0.026722021531505324,0.5272444688161361,0.0,0.0,0
nominal,4,100,entropy,210.9219996167838,0.42133333333333334,0.0022352930296851243,0.9455807593981954,0.2093553403970507,0.121375,0.0796554763093633,0.5272444731512925,0.0,0.0,0
nominal,4,100,combined,160.80532557856108,0.42133333333333334,0.0018828302894543054,0.9499345048270585,0.23192839780411315,0.23508333333333334,0.05438263639783609,0.5272444693225579,0.0,0.0,0
nominal,5,100,sham,75.56936293482823,0.421,0.001587423396741889,0.9673609852087321,0.1836135592515827,0.034770833333333334,0.0,0.7418443887578097,0.0,0.0,0
nominal,5,100,fixed,75.56936293482823,0.421,0.001587423396741889,0.9673609852087321,0.1836135592515827,0.034770833333333334,0.0,0.7418443887578097,0.0,0.0,0
nominal,5,100,rate,54.715428605484696,0.42133333333333334,0.0011901412910151072,0.9653998573360121,0.23237058685348452,0.0060416666666666665,0.01620618720244265,0.7418443991046696,0.0,0.0,0
nominal,5,100,entropy,50.11438919135936,0.4216666666666667,0.0010516438850737115,0.9599136852809376,0.26467726231018057,0.001375,0.06401554861394414,0.7418444193061651,0.0,0.0,0
nominal,5,100,combined,48.57778455615207,0.42133333333333334,0.0010586848996911636,0.9617684646813665,0.25962684845733514,0.003,0.03441090175948495,0.7418444040546253,0.0,0.0,0
nominal,6,100,sham,19.58528703882557,0.421,0.004608048160378266,0.9013908399086668,0.1831214844749864,0.058708333333333335,0.0,0.8487846993946931,0.0,0.0,0
nominal,6,100,fixed,16.198531922193855,0.435,0.004538197321153572,0.9352633620154667,0.18401353419661345,0.42685416666666665,0.1600000000000001,0.8954646172083062,0.0,0.0,0
nominal,6,100,rate,14.454927485058763,0.42133333333333334,0.0034061365615393802,0.8947702847421011,0.24482291931816297,0.058145833333333334,0.04207364621307937,0.8487818376148613,0.0,0.0,0
nominal,6,100,entropy,14.55874564130857,0.42133333333333334,0.0033164107927837858,0.9017716614757709,0.25145316844412074,0.058020833333333334,0.06951014805427873,0.8478856323956987,0.0,0.0,0
nominal,6,100,combined,12.92365819130203,0.42133333333333334,0.002985693961595196,0.9050395456408453,0.26757786791417265,0.057958333333333334,0.073047526110461,0.8485859308250217,0.0,0.0,0
nominal,7,100,sham,262.81071751426214,0.421,0.0024172892077692085,0.9641868047930054,0.15228694388297803,0.4126875,0.0,0.561219985706499,0.0,0.0,0
nominal,7,100,fixed,151.34898517409684,0.42,0.0017023589423185322,0.9697892474102431,0.171634582331237,0.43622916666666667,0.1600000000000001,1.140229344661314,0.0,0.0,0
nominal,7,100,rate,190.3971997251378,0.42133333333333334,0.0018420143373642582,0.9642025206934587,0.1910694371565359,0.1060625,0.02526825930680381,0.561219983277944,0.0,0.0,0
nominal,7,100,entropy,197.80976351810293,0.42133333333333334,0.0018209035884888525,0.9596154882481118,0.21780115351557527,0.08266666666666667,0.07350906143695951,0.5674348558934594,0.0,0.0,0
nominal,7,100,combined,171.74816040461872,0.42133333333333334,0.0016719338078252778,0.963742146771834,0.21470310095680153,0.07520833333333334,0.05343045018155026,0.5612199834386185,0.0,0.0,0
nominal,8,100,sham,13.727569524891956,0.579,0.0032536967043852697,0.9216634657851681,0.23069872162233163,6.25e-05,0.0,0.9011319250031417,0.0,0.0,0
nominal,8,100,fixed,12.544614970545435,0.579,0.003246292760478686,0.9359719076679208,0.22242068182548602,0.0002916666666666667,0.04000000000000002,0.8994657980335012,0.0,0.0,0
nominal,8,100,rate,8.51357067641816,0.579,0.002298355426283478,0.9252634933875743,0.28512730442840784,0.0002708333333333333,0.02690406346819844,0.9029652037486434,0.0,0.0,0
nominal,8,100,entropy,8.528117610922319,0.5786666666666667,0.002415319571672493,0.9140229577038081,0.297216625336494,0.0002708333333333333,0.035878678864990465,0.9054444184178897,0.0,0.0,0
nominal,8,100,combined,8.824141210211803,0.579,0.002396792882777616,0.9208066827483948,0.3072048526764636,0.0006875,0.03810538163485729,0.9079258284867373,0.0,0.0,0
nominal,9,100,sham,86.63690107975506,0.421,0.002684129392271392,0.9516751738391789,0.1639139055426772,0.06958333333333333,0.0,0.5657154987224636,0.0,0.0,0
nominal,9,100,fixed,58.34382813465825,0.6073333333333333,0.002263893223430099,0.9634420075707106,0.19780680933263933,0.434625,0.1600000000000001,0.9974844644174377,0.0,0.0,0
nominal,9,100,rate,60.71344361178994,0.42133333333333334,0.0019686467256182097,0.9484635167945997,0.22230638538662517,0.06720833333333333,0.026397891708948615,0.5657154120033413,0.0,0.0,0
nominal,9,100,entropy,51.39308900806829,0.42133333333333334,0.0016798108940914004,0.9437066223186286,0.2677505357729304,0.059479166666666666,0.06557578002685378,0.5654762086084599,0.0,0.0,0
nominal,9,100,combined,54.54307714831017,0.42133333333333334,0.0017653918539054163,0.943130831465283,0.24800091502435942,0.0591875,0.05079926736461331,0.565715441521406,0.0,0.0,0
nominal,10,100,sham,101.39317307165773,0.5776666666666667,0.006257130793549646,0.9077667766109003,0.18743538861979203,0.07658333333333334,0.0,0.774730730973706,0.0,0.0,0
nominal,10,100,fixed,60.01753822831761,0.578,0.004364167998594345,0.9454586152337555,0.1882964436733877,0.4483125,0.3599999999999999,3.271764643514859,0.0,0.0,0
nominal,10,100,rate,60.934323264652264,0.5783333333333334,0.004303742444942081,0.9207300794020491,0.22664242522836894,0.07939583333333333,0.05448730782377988,0.7835909620327716,0.0,0.0,0
nominal,10,100,entropy,58.28373655321028,0.577,0.0041523952267972074,0.9112867399596516,0.2432903025289672,0.08439583333333334,0.07552984378825914,0.793355085799969,0.0,0.0,0
nominal,10,100,combined,56.572654208523346,0.5773333333333334,0.004080200869765286,0.9103582933493148,0.25197032076157255,0.085625,0.08140593184333761,0.7877436382658078,0.0,0.0,0
nominal,11,100,sham,35.49399680127801,0.422,0.004135589729367039,0.9407692923704128,0.1540494899704544,0.0583125,0.0,0.8448111889678188,0.0,0.0,0
nominal,11,100,fixed,34.35782533371115,0.421,0.004200720923447034,0.9525403749380101,0.15304825148838577,0.058854166666666666,0.04000000000000002,0.8428894120064176,0.0,0.0,0
nominal,11,100,rate,26.464668657332062,0.422,0.0030667271347536306,0.935820267421107,0.20357932046518268,0.057604166666666665,0.04054746416448562,0.8448099513676164,0.0,0.0,0
nominal,11,100,entropy,22.255256598108982,0.422,0.0025833865619884927,0.9384737703852768,0.22816774879312907,0.056666666666666664,0.08447769372810768,0.8446510945393018,0.0,0.0,0
nominal,11,100,combined,23.259446934245812,0.4216666666666667,0.002669663897564213,0.9353654898751977,0.2232749726850526,0.05627083333333333,0.07414428653251197,0.8448102471873039,0.0,0.0,0
nominal,12,100,sham,29.690141705483743,0.421,0.0012765265536933941,0.958786956808455,0.22228014832779358,0.027208333333333334,0.0,0.698413671318504,0.0,0.0,0
nominal,12,100,fixed,29.690141705483743,0.421,0.0012765265536933941,0.958786956808455,0.22228014832779358,0.027208333333333334,0.0,0.698413671318504,0.0,0.0,0
nominal,12,100,rate,20.47512396075411,0.42133333333333334,0.0009221137899505273,0.9575474302367986,0.291456552204566,0.003895833333333333,0.012099558100975953,0.6984136841532242,0.0,0.0,0
nominal,12,100,entropy,17.586538896710913,0.469,0.0008063459556358251,0.95150141163022,0.38360820111866484,0.0060625,0.04472783608124227,0.6984140444608107,0.0,0.0,0
nominal,12,100,combined,18.042056621043404,0.42133333333333334,0.0008238804918206908,0.955315237240115,0.33608279026285665,0.005604166666666667,0.026718506124399834,0.6984136300028624,0.0,0.0,0
nominal,13,100,sham,248.31372544559144,0.5793333333333334,0.0025839940575400427,0.9679289108829027,0.19656112617718616,0.011333333333333334,0.0,0.6469152121247361,0.0,0.0,0
nominal,13,100,fixed,138.41180238997921,0.578,0.0016856740200067862,0.9781067625833015,0.21064097293132508,0.0891875,0.3599999999999999,4.37170808981065,0.0,0.0,0
nominal,13,100,rate,158.93010153967305,0.5793333333333334,0.0018140434513684708,0.9685618622852218,0.23297744832381484,0.00825,0.023775135131823114,0.6469152236628889,0.0,0.0,0
nominal,13,100,entropy,248.31372544559144,0.5793333333333334,0.0025839940575400427,0.9679289108829027,0.19656112617718616,0.011333333333333334,0.0,0.6469152121247361,0.0,0.0,0
nominal,13,100,combined,158.93010153967305,0.5793333333333334,0.0018140434513684708,0.9685618622852218,0.23297744832381484,0.00825,0.023775135131823114,0.6469152236628889,0.0,0.0,0
nominal,14,100,sham,370.271630306685,0.58,0.0016642824577079644,0.965266547932114,0.24808544339030217,0.07885416666666667,0.0,0.552357256002178,0.0,0.0,0
nominal,14,100,fixed,97.93067692650845,0.5776666666666667,0.000706977792866679,0.973701189974054,0.29679967252579786,0.4618541666666667,0.1600000000000001,1.288278549026587,0.0,0.0,0
nominal,14,100,rate,185.95074982257012,0.5796666666666667,0.0010159703264717762,0.9680672486836206,0.2965056568783812,0.09172916666666667,0.013239979275759305,0.5523572592595807,0.0,0.0,0
nominal,14,100,entropy,370.271630306685,0.58,0.0016642824577079644,0.965266547932114,0.24808544339030217,0.07885416666666667,0.0,0.552357256002178,0.0,0.0,0
nominal,14,100,combined,185.95074982257012,0.5796666666666667,0.0010159703264717762,0.9680672486836206,0.2965056568783812,0.09172916666666667,0.013239979275759305,0.5523572592595807,0.0,0.0,0
nominal,15,100,sham,141.68900270674646,0.5796666666666667,0.004183565478223489,0.9447052226818157,0.20284561332784265,0.0768125,0.0,0.6004342955684313,0.0,0.0,0
nominal,15,100,fixed,59.95664367507406,0.5776666666666667,0.002172924901898322,0.9592793693345212,0.23352618951184892,0.45039583333333333,0.3599999999999999,2.7117119532472835,0.0,0.0,0
nominal,15,100,rate,85.47576153731876,0.5793333333333334,0.002702993833670283,0.9403867337619155,0.25064864268164316,0.07666666666666666,0.03466851110205156,0.6013489811818162,0.0,0.0,0
nominal,15,100,entropy,98.90656762758631,0.5793333333333334,0.0030900243175184202,0.9341137067229381,0.2637164589033002,0.07789583333333333,0.0366962437242139,0.6004344064869612,0.0,0.0,0
nominal,15,100,combined,81.67313306415876,0.579,0.0026386527349063897,0.9340731854446174,0.2749044142925336,0.08014583333333333,0.05036475332382137,0.6004343538436219,0.0,0.0,0
nominal,16,100,sham,48.979373593394236,0.421,0.0014478013173254815,0.9551279790944164,0.21501467784638706,0.057979166666666665,0.0,0.6491885380176065,0.0,0.0,0
nominal,16,100,fixed,45.29335500485817,0.42033333333333334,0.0014947615256401254,0.9581193856372305,0.22829104070986503,0.058458333333333334,0.04000000000000002,0.6493265293065588,0.0,0.0,0
nominal,16,100,rate,36.01347346997337,0.42133333333333334,0.0010851444112095752,0.9537401299492385,0.27810294592938234,0.057625,0.01417867863252336,0.6491885309966015,0.0,0.0,0
nominal,16,100,entropy,34.1043871955623,0.4266666666666667,0.0009736489843203978,0.9481767304130707,0.3335382313374016,0.056,0.05708035871617438,0.6491885010105929,0.0,0.0,0
nominal,16,100,combined,32.26483300166356,0.42133333333333334,0.0009639640693279663,0.9532880713896901,0.31232685659708104,0.05702083333333333,0.03188279611611671,0.6491885334295174,0.0,0.0,0
nominal,17,100,sham,70.78180674922267,0.579,0.005102903251314058,0.9142148914994412,0.1914557979376448,0.035916666666666666,0.0,0.8471611155841718,0.0,0.0,0
nominal,17,100,fixed,50.35466965539014,0.5783333333333334,0.004025251664881896,0.952892764829676,0.1880407782054018,0.13347916666666668,0.3599999999999999,2.0542922340350307,0.0,0.0,0
nominal,17,100,rate,45.42261136195795,0.579,0.0035114433836034506,0.9295920259097694,0.23450923134279575,0.018145833333333333,0.0443832603999982,0.8509367262204156,0.0,0.0,0
nominal,17,100,entropy,48.32790756338294,0.579,0.003748180215976592,0.9213868200572086,0.2478327310969375,0.0271875,0.04768660550661576,0.8471617933194071,0.0,0.0,0
nominal,17,100,combined,43.18949612775412,0.579,0.0033988336083375058,0.9237195949586817,0.25823210636159877,0.022083333333333333,0.06497142539645526,0.8505649390020108,0.0,0.0,0
nominal,18,100,sham,175.08511176881458,0.5793333333333334,0.0034951139076763206,0.964740919941589,0.1831703489611364,0.007479166666666667,0.0,0.6874495019485105,0.0,0.0,0
nominal,18,100,fixed,100.78655401392827,0.5783333333333334,0.0022982274652182675,0.9742122410573189,0.19080661814386202,0.09025,0.3599999999999999,2.741357114391339,0.0,0.0,0
nominal,18,100,rate,115.56412706212926,0.579,0.002481131952027502,0.9646331258783062,0.21705091989531805,0.008333333333333333,0.032557197348493105,0.6877659515315949,0.0,0.0,0
nominal,18,100,entropy,132.65719589321947,0.5793333333333334,0.0028264569171387887,0.9606115634079981,0.21102347754754103,0.0215625,0.028650152791029088,0.6874495042778935,0.0,0.0,0
nominal,18,100,combined,114.05585994009631,0.5793333333333334,0.0024671280459750322,0.961729531400348,0.23809218965906745,0.0109375,0.045384986798092775,0.6874495083225253,0.0,0.0,0
nominal,19,100,sham,122.5280211828342,0.4206666666666667,0.001367254801666665,0.9587318751792704,0.20254010616697546,0.4336041666666667,0.0,0.4331836250444156,0.0,0.0,0
nominal,19,100,fixed,60.72939034076787,0.698,0.0010576343747632252,0.9709389178611105,0.2607905938611192,0.4769583333333333,0.1600000000000001,0.8683678371624469,0.0,0.0,0
nominal,19,100,rate,86.27793359833443,0.421,0.0010321116877659707,0.9571837697960427,0.2583970448031167,0.2992708333333333,0.013677615262843692,0.43318362416034756,0.0,0.0,0
nominal,19,100,entropy,105.27387640069712,0.42133333333333334,0.0010462931510087478,0.9568976159736743,0.2975169332031749,0.08585416666666666,0.06832983613589919,0.4406895325090329,0.0,0.0,0
nominal,19,100,combined,81.17636809136803,0.42133333333333334,0.0009471786245359544,0.9565617684756504,0.2945102581107269,0.12085416666666667,0.0348136198872626,0.4331836222345825,0.0,0.0,0
nominal,20,100,sham,63.869844498775706,0.579,0.004778995526195793,0.9405633901048507,0.18904816232108854,0.0012291666666666666,0.0,0.9016518133589938,0.0,0.0,0
nominal,20,100,fixed,48.32931862067317,0.578,0.004033046864101079,0.9571962619095331,0.18594403303862425,0.0750625,0.3599999999999999,2.287808434590943,0.0,0.0,0
nominal,20,100,rate,38.79161059440697,0.579,0.0034007128024367735,0.9369368308256866,0.22906403708893175,0.0027916666666666667,0.04279790472689307,0.9055080401696677,0.0,0.0,0
nominal,20,100,entropy,49.32798502785874,0.579,0.0039567693558109395,0.9238488394167899,0.2234750944894138,0.0045,0.04631565119913632,0.891280715021892,0.0,0.0,0
nominal,20,100,combined,37.13395563923456,0.579,0.003305134548479676,0.9370289680967844,0.2437592761531071,0.004958333333333334,0.0630902995980589,0.9146319295228628,0.0,0.0,0
nominal,21,100,sham,159.57639391600796,0.5793333333333334,0.002800324461265645,0.9627526519777029,0.1989383556378822,0.0010833333333333333,0.0,0.745025965172019,0.0,0.0,0
nominal,21,100,fixed,114.72004035321768,0.578,0.0022219597208440415,0.9721732705734073,0.20661925078129012,0.07185416666666666,0.3599999999999999,3.5636093951411425,0.0,0.0,0
nominal,21,100,rate,103.88615069359653,0.579,0.002005003776334216,0.9623349322531234,0.23776754779908407,0.0017708333333333332,0.02572406957817543,0.7454057902542434,0.0,0.0,0
nominal,21,100,entropy,109.66765521399697,0.579,0.0021284190189785938,0.9573592045871673,0.2760610400579062,0.002979166666666667,0.0421193493748582,0.7451724717059942,0.0,0.0,0
nominal,21,100,combined,100.96508185011744,0.579,0.0019792245943352697,0.9593934056780803,0.26580239882030265,0.0031041666666666665,0.0410294620703439,0.7450259474163368,0.0,0.0,0
nominal,22,100,sham,12.760775713795377,0.579,0.003509293971440821,0.9300006024946693,0.2151493308743097,0.0,0.0,0.9043908439766826,0.0,0.0,0
nominal,22,100,fixed,11.80619352747285,0.579,0.0034331061725456176,0.9406268326613515,0.20889998352013117,0.0,0.04000000000000002,0.9032318463940618,0.0,0.0,0
nominal,22,100,rate,8.578107829038332,0.579,0.002519442119707847,0.933121920550822,0.26264989515156456,0.0,0.030330269417013857,0.905670538957571,0.0,0.0,0
nominal,22,100,entropy,10.449533050084685,0.5786666666666667,0.0030061994161197166,0.9231019016799337,0.264937204700145,2.0833333333333333e-05,0.030420305979760413,0.907243226953638,0.0,0.0,0
nominal,22,100,combined,8.29816943502272,0.5786666666666667,0.0024616308621858013,0.9250566893007809,0.27970005508779794,0.0,0.04129329498073588,0.909435020055905,0.0,0.0,0
nominal,23,100,sham,86.81834904777327,0.421,0.0018668197458721807,0.9650130940934171,0.16891951332944674,0.05825,0.0,0.6903040343662037,0.0,0.0,0
nominal,23,100,fixed,77.65132294819422,0.4206666666666667,0.0017464298689029328,0.9658401317692215,0.17528051353375865,0.05875,0.04000000000000002,0.6900069706383735,0.0,0.0,0
nominal,23,100,rate,62.8031123384852,0.42133333333333334,0.0014014670998803774,0.9637424162161848,0.21412631342959312,0.057833333333333334,0.019216172181552624,0.6903040267716786,0.0,0.0,0
nominal,23,100,entropy,62.11909683400371,0.4216666666666667,0.0013253433164203358,0.9583231887440108,0.23650321106979463,0.0564375,0.07469257558316736,0.690304017827225,0.0,0.0,0
nominal,23,100,combined,52.38357780303645,0.42133333333333334,0.0012043424973036503,0.9633360146479928,0.23931325131585376,0.05727083333333333,0.041429495254605604,0.6903040285853528,0.0,0.0,0
nominal,0,200,sham,40.56475066702521,0.584,0.003292842419828237,0.9548276140432806,0.1586344928708314,0.0528125,0.0,0.7379146308474208,0.0,0.0,0
nominal,0,200,fixed,39.33582611642395,0.5843333333333334,0.0032236257496959836,0.957944099716385,0.15881960076806387,0.0709375,0.04000000000000002,0.7428165292216653,0.0,0.0,0
nominal,0,200,rate,30.27171539722708,0.5836666666666667,0.0024460954389763034,0.9483519147859153,0.21208813299972615,0.007958333333333333,0.03285547919195552,0.7379142479728014,0.0,0.0,0
nominal,0,200,entropy,29.241313162240385,0.5833333333333334,0.0023251080097708757,0.9447943059203261,0.21122026871405258,0.0011041666666666667,0.06455165316274362,0.7412584647436219,0.0,0.0,0
nominal,0,200,combined,28.442184417810406,0.5836666666666667,0.002281618406657038,0.9472702063351333,0.22208012474600056,0.005104166666666667,0.05465967363370073,0.7456185088590034,0.0,0.0,0
nominal,1,200,sham,118.65467653116855,0.584,0.0021489794866836466,0.9642489509341168,0.16685957730327533,0.0785625,0.0,0.44622286949815904,0.0,0.0,0
nominal,1,200,fixed,84.71337537491529,0.7156666666666667,0.0017575866854915676,0.9725400353437592,0.19060078680502088,0.45077083333333334,0.1600000000000001,0.8718020134297143,0.0,0.0,0
nominal,1,200,rate,83.3050377550885,0.5836666666666667,0.0016325659549906787,0.9620013323768507,0.21682127386357808,0.07491666666666667,0.02214393616487734,0.4462228066941055,0.0,0.0,0
nominal,1,200,entropy,107.57694657568575,0.583,0.0018191059813855396,0.9597679607451343,0.19559304260741325,0.07435416666666667,0.042201161027884654,0.4462228187877115,0.0,0.0,0
nominal,1,200,combined,84.68237115301119,0.5836666666666667,0.0016094909727729808,0.9623381961232157,0.22054705856923662,0.07477083333333333,0.03582774541084339,0.44622284655360106,0.0,0.0,0
nominal,2,200,sham,125.89904706205147,0.584,0.003526670291460075,0.9585110857472351,0.14515011355317875,0.08897916666666666,0.0,0.5394612937165321,0.0,0.0,0
nominal,2,200,fixed,88.76255702967559,0.585,0.0028797185129076485,0.9680791744097559,0.15546089878942684,0.450875,0.1600000000000001,0.8537359257024214,0.0,0.0,0
nominal,2,200,rate,92.64338417733428,0.5836666666666667,0.002745176386571609,0.9597523172470787,0.18667204246893424,0.07541666666666667,0.0375414362808159,0.5398913820261032,0.0,0.0,0
nominal,2,200,entropy,97.34604935368411,0.5833333333333334,0.002767723628972088,0.9522947348748306,0.17279784410807733,0.07922916666666667,0.05770257054904727,0.5407712294904058,0.0,0.0,0
nominal,2,200,combined,89.66790856043508,0.5836666666666667,0.0026446056176880274,0.9577464168397044,0.1961249814092336,0.07577083333333333,0.06149317161257526,0.539461334077131,0.0,0.0,0
nominal,3,200,sham,332.1238728835883,0.41533333333333333,0.0038439051588054856,0.947820549103667,0.1942415715490857,0.05445833333333333,0.0,0.49574347629123305,0.0,0.0,0
nominal,3,200,fixed,93.73692090212047,0.4176666666666667,0.001538499696786508,0.9624032858833613,0.24127041733144663,0.429625,0.3599999999999999,4.283501860996389,0.0,0.0,0
nominal,3,200,rate,199.33335050976117,0.4156666666666667,0.002518655487324576,0.9416554809769163,0.26566490951150035,0.06370833333333334,0.03128791367100939,0.4957434474662846,0.0,0.0,0
nominal,3,200,entropy,208.00226503824467,0.4156666666666667,0.0025918722263192744,0.9428945586166061,0.25528994100033414,0.11677083333333334,0.046126837386465704,0.4957434468294972,0.0,0.0,0
nominal,3,200,combined,173.07319439612945,0.4156666666666667,0.0022521096498920564,0.9447602911850175,0.28209727636826415,0.07416666666666667,0.049134815875239726,0.4978244019872811,0.0,0.0,0
nominal,4,200,sham,230.24063962523388,0.584,0.003131621118047604,0.9594784841808661,0.1520634724890426,0.45145833333333335,0.0,0.46591243425592205,0.0,0.0,0
nominal,4,200,fixed,106.75425185984253,0.593,0.0018222946775925575,0.9705366423715298,0.194113934029815,0.45710416666666664,0.3599999999999999,4.632468229577063,0.0,0.0,0
nominal,4,200,rate,158.62095573992968,0.5836666666666667,0.002318400093386358,0.959744880675663,0.19711572014366965,0.41083333333333333,0.030568459065319853,0.4645063584093261,0.0,0.0,0
nominal,4,200,entropy,248.4244088718683,0.5833333333333334,0.003197517322741311,0.9514612568351398,0.17190036580190274,0.20116666666666666,0.06291631864478645,0.46591246419615084,0.0,0.0,0
nominal,4,200,combined,171.14104794884236,0.5836666666666667,0.0023696317516937217,0.9575874510620306,0.20110582579347772,0.25629166666666664,0.051089782207545315,0.4659124630421612,0.0,0.0,0
nominal,5,200,sham,71.39831820921722,0.584,0.0019047053817102598,0.9694716085903493,0.168997523462151,0.042208333333333334,0.0,0.6871779875946341,0.0,0.0,0
nominal,5,200,fixed,71.39831820921722,0.584,0.0019047053817102598,0.9694716085903493,0.168997523462151,0.042208333333333334,0.0,0.6871779875946341,0.0,0.0,0
nominal,5,200,rate,49.896960625518034,0.5836666666666667,0.0014279084190755259,0.9633376148981777,0.22098696193889975,0.011916666666666667,0.019714947706614576,0.6871779730520391,0.0,0.0,0
nominal,5,200,entropy,52.143570878332326,0.583,0.0013873954088488845,0.9649658021908063,0.21136972823550287,0.007,0.04112458254383474,0.6874442480693754,0.0,0.0,0
nominal,5,200,combined,48.2908328028721,0.5836666666666667,0.0013432717383936566,0.9658779901705121,0.22407005111670428,0.008520833333333333,0.03295241554146008,0.687177984339015,0.0,0.0,0
nominal,6,200,sham,17.426147667744857,0.584,0.005249820799054073,0.9014023289518074,0.16807939647911974,0.0735,0.0,0.7110749247811508,0.0,0.0,0
nominal,6,200,fixed,14.60462751263937,0.604,0.004885144033883745,0.9346224310105803,0.1685828013588712,0.44304166666666667,0.1600000000000001,0.8135141593529402,0.0,0.0,0
nominal,6,200,rate,12.537812133043595,0.584,0.003870978655487678,0.8925692035742976,0.23682537196036696,0.07258333333333333,0.049187927736728795,0.7115252555037277,0.0,0.0,0
nominal,6,200,entropy,11.137228433658388,0.584,0.0034687623691475396,0.8999931381431243,0.23824685205985013,0.07254166666666667,0.07380855155394589,0.7145151508773607,0.0,0.0,0
nominal,6,200,combined,11.679779709121526,0.583,0.003622902242733262,0.8900022248394078,0.26251160988398137,0.0724375,0.07770457024446212,0.713382378407886,0.0,0.0,0
nominal,7,200,sham,255.4123071961792,0.584,0.0028149910661170435,0.967751243214229,0.1450392071411187,0.431875,0.0,0.5321850504606974,0.0,0.0,0
nominal,7,200,fixed,145.86738245848605,0.585,0.0018767079289199566,0.977271096214771,0.15921759103380254,0.4530208333333333,0.1600000000000001,1.100436633205401,0.0,0.0,0
nominal,7,200,rate,180.701404193745,0.5836666666666667,0.002118161648908333,0.967428497736209,0.18462054554220148,0.11558333333333333,0.02875915430293907,0.5322719253382571,0.0,0.0,0
nominal,7,200,entropy,209.45767349673687,0.5833333333333334,0.0022655703774950233,0.9661627262083792,0.16455059352265888,0.20764583333333334,0.034711658828667905,0.6103224058511356,0.0,0.0,0
nominal,7,200,combined,180.52956777388346,0.5836666666666667,0.002069315386013533,0.9670517292412562,0.19142927637048732,0.14658333333333334,0.04407232220590009,0.5376790254462017,0.0,0.0,0
nominal,8,200,sham,15.400740020913753,0.416,0.002784288307671261,0.9189687317089206,0.2536777500774263,0.0,0.0,0.8284351449109268,0.0,0.0,0
nominal,8,200,fixed,14.34848881038028,0.41633333333333333,0.0027551204637631796,0.9261658514047607,0.24071015833614504,0.0,0.04000000000000002,0.8321029370165811,0.0,0.0,0
nominal,8,200,rate,10.041161278185287,0.416,0.0020285776010771452,0.9154313627231068,0.33467201480778985,0.0,0.023748908850009704,0.828433873834621,0.0,0.0,0
nominal,8,200,entropy,11.139987952146344,0.4136666666666667,0.0022203696486815753,0.9154433694256238,0.34275896768118297,0.0,0.04791034377055255,0.8218048142299439,0.0,0.0,0
nominal,8,200,combined,8.667686601830964,0.41233333333333333,0.001859743721315916,0.9168941224443454,0.37301423953678187,0.0,0.04435568590221749,0.8271858842038325,0.0,0.0,0
nominal,9,200,sham,82.56153922047692,0.5843333333333334,0.003179218816740481,0.9538898129911083,0.15431460965142116,0.08560416666666666,0.0,0.5100435116910057,0.0,0.0,0
nominal,9,200,fixed,55.42317448616014,0.702,0.0024191876256700684,0.9724519908565785,0.17815050368019988,0.451125,0.1600000000000001,0.8777532603195646,0.0,0.0,0
nominal,9,200,rate,56.27754902782181,0.5836666666666667,0.002308637718098518,0.9550388905784334,0.21368099872719357,0.07558333333333334,0.03014475851534172,0.510087348466645,0.0,0.0,0
nominal,9,200,entropy,62.693158237261656,0.5833333333333334,0.0024431533052885514,0.9493883491657626,0.2006451255355811,0.11008333333333334,0.03667487735685973,0.510043334709954,0.0,0.0,0
nominal,9,200,combined,54.047540232188496,0.5836666666666667,0.0022072121925669737,0.9492624277421335,0.23006642212354553,0.07535416666666667,0.04720800845052612,0.5100433456724728,0.0,0.0,0
nominal,10,200,sham,106.85351967330446,0.41533333333333333,0.005622069620547807,0.8965792966335224,0.19956003209950526,0.05304166666666667,0.0,0.6226503018449513,0.0,0.0,0
nominal,10,200,fixed,64.84621982933629,0.41733333333333333,0.003890807143838328,0.9395513352485677,0.19202329194732068,0.42152083333333334,0.3599999999999999,3.2797187697207937,0.0,0.0,0
nominal,10,200,rate,67.4381827985069,0.4156666666666667,0.003927291927792549,0.911627660202397,0.2622434504564374,0.05352083333333333,0.048418114203940016,0.6206007435748685,0.0,0.0,0
nominal,10,200,entropy,70.46576580763406,0.41633333333333333,0.00405066552322701,0.9080516435750403,0.27083228039187546,0.05985416666666667,0.05873008193783498,0.6159448984756173,0.0,0.0,0
nominal,10,200,combined,58.554196955639924,0.416,0.0035309235983230682,0.9123927734120555,0.2827531361377301,0.057,0.07774724717690962,0.616253656408689,0.0,0.0,0
nominal,11,200,sham,32.29698009899604,0.5853333333333334,0.004619018427027293,0.9438508090182105,0.14771827991675351,0.0729375,0.0,0.7287535195799153,0.0,0.0,0
nominal,11,200,fixed,31.46191358077358,0.585,0.0045989376079192176,0.9541345731916685,0.14661929178427568,0.0736875,0.04000000000000002,0.7351292924592587,0.0,0.0,0
nominal,11,200,rate,23.393348815863742,0.585,0.003425171949697555,0.932013987605935,0.20085002071148594,0.071625,0.046313850029066364,0.7295456011498388,0.0,0.0,0
nominal,11,200,entropy,20.874319572387815,0.585,0.0030962782029796444,0.9323539669498273,0.21145485833267771,0.07077083333333334,0.07561027155441699,0.7301459843939011,0.0,0.0,0
nominal,11,200,combined,21.536919839920557,0.5853333333333334,0.0031975906590245937,0.9306934072883561,0.22357941567994544,0.0705625,0.07553423172390776,0.7396750994367172,0.0,0.0,0
nominal,12,200,sham,27.150530319263297,0.584,0.001551716321782769,0.9660275382045428,0.1974357963542569,0.03370833333333333,0.0,0.6090430142544897,0.0,0.0,0
nominal,12,200,fixed,27.150530319263297,0.584,0.001551716321782769,0.9660275382045428,0.1974357963542569,0.03370833333333333,0.0,0.6090430142544897,0.0,0.0,0
nominal,12,200,rate,17.626395273082238,0.5836666666666667,0.0011332771763952745,0.9601390392979816,0.27182438627938144,0.007895833333333333,0.015291712375127178,0.6090429138117953,0.0,0.0,0
nominal,12,200,entropy,12.890019581887675,0.5733333333333334,0.0008405727562934686,0.9625249865356622,0.3459946434732423,0.007145833333333333,0.047244244126326176,0.610162542404867,0.0,0.0,0
nominal,12,200,combined,16.818626939090986,0.5826666666666667,0.0010339252349171229,0.9585402513666331,0.2983979843497181,0.0044375,0.02893172223459801,0.609042835795868,0.0,0.0,0
nominal,13,200,sham,254.67198748562132,0.4156666666666667,0.002250660672207964,0.9615403012220073,0.20188429603324118,0.006166666666666667,0.0,0.6049683472702957,0.0,0.0,0
nominal,13,200,fixed,145.16450026171006,0.41733333333333333,0.0014826871887155032,0.9725058094617777,0.2184837817567131,0.06670833333333333,0.3599999999999999,4.563645698291469,0.0,0.0,0
nominal,13,200,rate,169.46531835285137,0.4156666666666667,0.001618563508881746,0.9613433298511858,0.25747872214124334,0.00525,0.0214534526425993,0.6049683272046826,0.0,0.0,0
nominal,13,200,entropy,254.67198748562132,0.4156666666666667,0.002250660672207964,0.9615403012220073,0.20188429603324118,0.006166666666666667,0.0,0.6049683472702957,0.0,0.0,0
nominal,13,200,combined,169.46531835285137,0.4156666666666667,0.001618563508881746,0.9613433298511858,0.25747872214124334,0.00525,0.0214534526425993,0.6049683272046826,0.0,0.0,0
nominal,14,200,sham,373.80039693727684,0.415,0.0013516049367565787,0.9603143043472343,0.2640911181897386,0.0555,0.0,0.5317367099091709,0.0,0.0,0
nominal,14,200,fixed,104.03217570644503,0.4176666666666667,0.0005772377022754536,0.9709346949633961,0.3299855075618016,0.4418125,0.1600000000000001,1.3300730109911927,0.0,0.0,0
nominal,14,200,rate,207.06871262245346,0.41533333333333333,0.0009118458258148155,0.9629987091802464,0.34613378657515037,0.057354166666666664,0.011831294634244571,0.5317367191339885,0.0,0.0,0
nominal,14,200,entropy,373.80039693727684,0.415,0.0013516049367565787,0.9603143043472343,0.2640911181897386,0.0555,0.0,0.5317367099091709,0.0,0.0,0
nominal,14,200,combined,207.06871262245346,0.41533333333333333,0.0009118458258148155,0.9629987091802464,0.34613378657515037,0.057354166666666664,0.011831294634244571,0.5317367191339885,0.0,0.0,0
nominal,15,200,sham,144.98976845741927,0.41533333333333333,0.003628398533037434,0.9376281141079763,0.2121104633784445,0.05322916666666667,0.0,0.576661663124701,0.0,0.0,0
nominal,15,200,fixed,63.88016319265368,0.41733333333333333,0.0018829241806516742,0.9540133656887275,0.24702521176714856,0.42564583333333333,0.3599999999999999,2.973919180568221,0.0,0.0,0
nominal,15,200,rate,91.97938246632327,0.4156666666666667,0.0024298602269870826,0.9287063324507064,0.2880507149688848,0.05308333333333334,0.029928287076036366,0.5766618457185065,0.0,0.0,0
nominal,15,200,entropy,99.02201670959485,0.416,0.0025999692205053945,0.9275925453485663,0.29581757709830864,0.059645833333333335,0.047262236886327795,0.5770786501429668,0.0,0.0,0
nominal,15,200,combined,77.45497423146803,0.4156666666666667,0.00211106822316615,0.9323912745175506,0.3215472269419786,0.05341666666666667,0.052583724779808126,0.5769064597970346,0.0,0.0,0
nominal,16,200,sham,46.451222361879985,0.584,0.0017940841748675495,0.9618285644268024,0.19062416729183684,0.07239583333333334,0.0,0.5618176661089288,0.0,0.0,0
nominal,16,200,fixed,42.82396000460834,0.585,0.0017243977687252012,0.9663656340597203,0.19906892685979394,0.07322916666666666,0.04000000000000002,0.5636679582142796,0.0,0.0,0
nominal,16,200,rate,32.824562142063,0.5836666666666667,0.001336800414491224,0.9582337749141716,0.2562710238363403,0.07179166666666667,0.017603026484489505,0.5618177244003527,0.0,0.0,0
nominal,16,200,entropy,29.267652262884585,0.583,0.001141443893235518,0.9537625023559462,0.2761600121859232,0.07072916666666666,0.044311066283448004,0.5739254372991659,0.0,0.0,0
nominal,16,200,combined,32.59873229576224,0.5836666666666667,0.0012539636062908902,0.9551047026762008,0.2615869973878273,0.07141666666666667,0.03099850395758943,0.5630424363712135,0.0,0.0,0
nominal,17,200,sham,74.5009154721148,0.4156666666666667,0.004564321625639401,0.9204408615849065,0.201622664365625,0.0265,0.0,0.7348719865687972,0.0,0.0,0
nominal,17,200,fixed,54.348228590818614,0.417,0.003600762766161155,0.9465153627678784,0.19158902847757212,0.10808333333333334,0.3599999999999999,2.0835173994610163,0.0,0.0,0
nominal,17,200,rate,49.55681998403117,0.416,0.0031978713805941804,0.9095446244048301,0.2685210544222782,0.0131875,0.039799832464513574,0.7348742480202677,0.0,0.0,0
nominal,17,200,entropy,49.169923503842554,0.416,0.0031578046933349495,0.9137825735654759,0.26016813174301967,0.022145833333333333,0.05417358176123999,0.7348723736563845,0.0,0.0,0
nominal,17,200,combined,43.68561584026069,0.416,0.0028755315149503234,0.9138112955474688,0.29127201090982235,0.018833333333333334,0.0660042906362717,0.7303895105935581,0.0,0.0,0
nominal,18,200,sham,179.61588348683628,0.4156666666666667,0.003113888403229743,0.9543328078315977,0.1866952288303567,0.0035625,0.0,0.5619391089681958,0.0,0.0,0
nominal,18,200,fixed,106.12549872816265,0.417,0.002038296290842473,0.9699404462389141,0.1939141374340385,0.06829166666666667,0.3599999999999999,2.8243091364009025,0.0,0.0,0
nominal,18,200,rate,122.25910414486351,0.416,0.002244003385013686,0.952070522042683,0.23615468392047625,0.006479166666666667,0.029451311726496412,0.5619390815907122,0.0,0.0,0
nominal,18,200,entropy,140.3089687895632,0.416,0.002538968693413831,0.9534917649229432,0.2081816789916719,0.026958333333333334,0.047110373495430014,0.5619391276330792,0.0,0.0,0
nominal,18,200,combined,107.77389990396317,0.416,0.0020111697912188016,0.9578039503539647,0.2503167135070784,0.009041666666666667,0.05128692132862533,0.561939101627827,0.0,0.0,0
nominal,19,200,sham,121.46441680384903,0.5843333333333334,0.0017233179104715636,0.9685284939927603,0.18172749529621132,0.450625,0.0,0.3620904588057316,0.0,0.0,0
nominal,19,200,fixed,57.884183481045405,0.777,0.0011135837076491652,0.9722513155041256,0.22302782954963074,0.48314583333333333,0.1600000000000001,0.8020904299523954,0.0,0.0,0
nominal,19,200,rate,82.17432197264401,0.584,0.0012544734183131821,0.9678188907269335,0.23551192568567123,0.29783333333333334,0.016330471188081407,0.3620904471595693,0.0,0.0,0
nominal,19,200,entropy,105.97483551081605,0.583,0.001356963049274594,0.9615311108778053,0.2290359351410999,0.17416666666666666,0.04101774715514886,0.3605948445903663,0.0,0.0,0
nominal,19,200,combined,93.63887524850672,0.5833333333333334,0.0012860117579219375,0.9651649744074817,0.23707797776129585,0.1915625,0.029518068140543658,0.362090445999441,0.0,0.0,0
nominal,20,200,sham,68.06024532151886,0.416,0.004273638599517641,0.9342771333972605,0.19874795177084587,0.0,0.0,0.8107779905307451,0.0,0.0,0
nominal,20,200,fixed,52.50364188882238,0.417,0.0036101211719874117,0.9462785403199617,0.1908701945569451,0.052,0.3599999999999999,2.1921299977182302,0.0,0.0,0
nominal,20,200,rate,43.12852986838443,0.416,0.003086734751234124,0.9265561965481172,0.25665451886261975,0.0008333333333333334,0.03830653341375519,0.8105519007795794,0.0,0.0,0
nominal,20,200,entropy,55.50101453073249,0.416,0.0036828725537437663,0.9197893035231104,0.2465313869551777,0.0031875,0.041403054787225814,0.7997718815317645,0.0,0.0,0
nominal,20,200,combined,38.39015284132505,0.41633333333333333,0.0028519154276691267,0.9266805396526252,0.2726664272831513,0.001875,0.06051997743209955,0.8000109739951297,0.0,0.0,0
nominal,21,200,sham,165.8698310854175,0.4156666666666667,0.002435712224896149,0.9561639277899766,0.20650408201433326,0.0,0.0,0.6739497196868435,0.0,0.0,0
nominal,21,200,fixed,121.10068254503153,0.417,0.0019555337623516247,0.9666749321326785,0.2143434290736748,0.050541666666666665,0.3599999999999999,3.7251887952179663,0.0,0.0,0
nominal,21,200,rate,112.12993329966854,0.416,0.0017776630484436205,0.9521177382886695,0.2634006740006666,0.0,0.023033249308270495,0.6739497449082662,0.0,0.0,0
nominal,21,200,entropy,120.53287811954121,0.416,0.001878166715376273,0.9496212604576804,0.25310376389536826,0.0024375,0.03797544613157256,0.6739497137452722,0.0,0.0,0
nominal,21,200,combined,98.2335217175233,0.416,0.001599070439026215,0.9520954029085045,0.2807172995382228,0.00047916666666666664,0.04288273762853321,0.6729896619111903,0.0,0.0,0
nominal,22,200,sham,14.771954473858836,0.416,0.0030585175320122573,0.9213911546482794,0.23314865273479463,0.0,0.0,0.8228108325395886,0.0,0.0,0
nominal,22,200,fixed,13.912077278076596,0.416,0.002966481780705268,0.9258472539606639,0.2236463269126785,0.0,0.04000000000000002,0.8253579580073113,0.0,0.0,0
nominal,22,200,rate,10.394110336231469,0.416,0.0022508511599990118,0.9153497587050882,0.3023440922933088,0.0,0.026823396302797353,0.8228104651547374,0.0,0.0,0
nominal,22,200,entropy,10.968650530312996,0.41633333333333333,0.002391182451530817,0.9131067622760676,0.30117994192056907,0.0,0.047743936159947584,0.8218349735552245,0.0,0.0,0
nominal,22,200,combined,9.322345206389668,0.41633333333333333,0.0020815411440751794,0.9107375797789691,0.33145854779539524,0.0,0.046918593029758614,0.8215661257722405,0.0,0.0,0
nominal,23,200,sham,82.37040812216563,0.584,0.0022193820618669575,0.9689286487461689,0.1578124173647988,0.0728125,0.0,0.662007909677415,0.0,0.0,0
nominal,23,200,fixed,73.7541853117814,0.5846666666666667,0.0020074047461745804,0.9714112611432172,0.1620105074277983,0.07354166666666667,0.04000000000000002,0.664405094684496,0.0,0.0,0
nominal,23,200,rate,57.6913397615116,0.5836666666666667,0.001658273014560874,0.9650581608706695,0.20561782838873366,0.0721875,0.022813170586563226,0.6620079648746339,0.0,0.0,0
nominal,23,200,entropy,62.49655117277882,0.5833333333333334,0.001652556708773309,0.9636110358112403,0.19421419130239673,0.07110416666666666,0.04476578086785099,0.6620079706611057,0.0,0.0,0
nominal,23,200,combined,54.57667163743687,0.5836666666666667,0.001555062869334956,0.9637273187886272,0.2167346817702921,0.07177083333333334,0.04063714306806026,0.6630348574430969,0.0,0.0,0
nominal,0,300,sham,42.177351430451495,0.5093333333333333,0.003104057746474632,0.956071862439039,0.16673987880548885,0.040854166666666664,0.0,0.8596626020875958,0.0,0.0,0
nominal,0,300,fixed,41.17371583095202,0.5093333333333333,0.003036769746817801,0.9650404374685478,0.1655087980425629,0.05491666666666667,0.04000000000000002,0.8642250084080314,0.0,0.0,0
nominal,0,300,rate,31.066492847460253,0.5096666666666667,0.002301731887326055,0.9527572625515416,0.2283721503214955,0.006291666666666667,0.03131283523742361,0.8596622321274159,0.0,0.0,0
nominal,0,300,entropy,31.675782571970384,0.5096666666666667,0.0023668842090710635,0.9488320532406234,0.23940070498600075,0.008541666666666666,0.03717137581456072,0.8596631114843065,0.0,0.0,0
nominal,0,300,combined,27.9760649746636,0.5096666666666667,0.0021351337221481117,0.9486076563540178,0.2371703075223316,0.003416666666666667,0.04470938972352487,0.8596625210587793,0.0,0.0,0
nominal,1,300,sham,122.29708698855946,0.5093333333333333,0.0020277945318555287,0.9686841767211714,0.17133617210712943,0.06089583333333334,0.0,0.6413005230572695,0.0,0.0,0
nominal,1,300,fixed,88.27349802135532,0.628,0.0016709898971537026,0.9735240139965933,0.1935498659411239,0.4343125,0.1600000000000001,1.1317497615933754,0.0,0.0,0
nominal,1,300,rate,85.17076172844615,0.5096666666666667,0.001570812094144935,0.9669455952873461,0.23273753927909102,0.058291666666666665,0.021409487413412674,0.6413005065671117,0.0,0.0,0
nominal,1,300,entropy,96.23539123813138,0.5093333333333333,0.0016209256853980845,0.965078397664502,0.24008708539507567,0.07908333333333334,0.0405423319940939,0.6413005463000565,0.0,0.0,0
nominal,1,300,combined,77.01238878321767,0.5096666666666667,0.001463663066740254,0.9648971772749032,0.23803478561406727,0.058083333333333334,0.034162298338676,0.6413005278624522,0.0,0.0,0
nominal,2,300,sham,130.38587468865651,0.5093333333333333,0.0033901501755529573,0.9657294968619426,0.1504011396412944,0.07070833333333333,0.0,0.74352633830295,0.0,0.0,0
nominal,2,300,fixed,92.54595287012823,0.5086666666666667,0.002774334358645965,0.9725476870257229,0.1589313547046294,0.43433333333333335,0.1600000000000001,1.1071562509772004,0.0,0.0,0
nominal,2,300,rate,95.30673001487938,0.5096666666666667,0.0026538838055226678,0.9595553847352243,0.20112825470416035,0.058541666666666665,0.036829057398915614,0.7435263683838864,0.0,0.0,0
nominal,2,300,entropy,96.35521298420248,0.5096666666666667,0.0026673640498495236,0.9569189458120453,0.19846599202497667,0.058125,0.055741680490213344,0.743526358703899,0.0,0.0,0
nominal,2,300,combined,89.31897649974333,0.5096666666666667,0.0025454768865806384,0.9577620575548365,0.2012896567823282,0.058145833333333334,0.05339328256235269,0.7435263487164085,0.0,0.0,0
nominal,3,300,sham,326.04792058896265,0.49166666666666664,0.004252575173548031,0.9456240929277945,0.1892072429672817,0.05925,0.0,0.5373136876248888,0.0,0.0,0
nominal,3,300,fixed,91.7617721225178,0.49166666666666664,0.0016758000201779262,0.963970555042973,0.23208263395425385,0.43404166666666666,0.3599999999999999,4.068014276960854,0.0,0.0,0
nominal,3,300,rate,192.94245094695893,0.491,0.0027123141004685297,0.948671391705335,0.23777279153659217,0.077125,0.03540939665744134,0.5373136500725902,0.0,0.0,0
nominal,3,300,entropy,176.08204728202443,0.491,0.00253100444263786,0.9467661231048992,0.2542026810576261,0.09464583333333333,0.061442585766246186,0.6775812650660036,0.0,0.0,0
nominal,3,300,combined,175.36465770211896,0.491,0.00249483837806059,0.9492496522279998,0.2519177513187975,0.0895,0.0554892704241844,0.5492382860102851,0.0,0.0,0
nominal,4,300,sham,235.53918074269328,0.5093333333333333,0.003012118989860393,0.9635711918273956,0.15463021324813894,0.4351041666666667,0.0,0.5980923601262653,0.0,0.0,0
nominal,4,300,fixed,110.47509428213502,0.547,0.0017674908122189267,0.9761900588072625,0.1947979587617182,0.44027083333333333,0.3599999999999999,4.603206074940307,0.0,0.0,0
nominal,4,300,rate,160.9282971448147,0.5096666666666667,0.0022625297665460633,0.9623296910329354,0.2097164961557765,0.3990625,0.03034143912814858,0.5980923691495968,0.0,0.0,0
nominal,4,300,entropy,222.33827564449018,0.5096666666666667,0.0028074486194137843,0.9548983617921645,0.19229764513316147,0.17641666666666667,0.053587864748910856,0.5980923603579454,0.0,0.0,0
nominal,4,300,combined,160.98498318131172,0.5096666666666667,0.002263522536191694,0.9612708161619514,0.20139181097107353,0.2301875,0.04555094237036322,0.5980923627900041,0.0,0.0,0
nominal,5,300,sham,74.7100864566861,0.5093333333333333,0.0017673921489875083,0.9738741860659198,0.17660841537847732,0.03395833333333333,0.0,0.6824296113162213,0.0,0.0,0
nominal,5,300,fixed,74.7100864566861,0.5093333333333333,0.0017673921489875083,0.9738741860659198,0.17660841537847732,0.03395833333333333,0.0,0.6824296113162213,0.0,0.0,0
nominal,5,300,rate,51.92676959024451,0.5096666666666667,0.0013349483728632722,0.9712984838151217,0.2368914403304857,0.006791666666666666,0.01856151047633674,0.6824296173277343,0.0,0.0,0
nominal,5,300,entropy,58.4462446836355,0.5096666666666667,0.0014209414462298625,0.968580746482837,0.2510848322870215,0.008270833333333333,0.032247216269833436,0.6784099764003466,0.0,0.0,0
nominal,5,300,combined,47.30631221502325,0.5096666666666667,0.0012633572889208162,0.9692369130216717,0.23503624647768345,0.005625,0.027456579780092492,0.682429611012392,0.0,0.0,0
nominal,6,300,sham,18.71767107210312,0.507,0.004978761951195845,0.9014155687458468,0.1739071350684164,0.05714583333333333,0.0,0.756155303404189,0.0,0.0,0
nominal,6,300,fixed,15.90455058261381,0.5183333333333333,0.00466145645184464,0.94070838650719,0.1711999118108567,0.4266041666666667,0.1600000000000001,0.8302808080597428,0.0,0.0,0
nominal,6,300,rate,13.041869531453903,0.507,0.0036362441047920802,0.8964857812424042,0.25575676412028076,0.0563125,0.04763927408617973,0.7561496365303361,0.0,0.0,0
nominal,6,300,entropy,12.262652195686252,0.507,0.003552879697963883,0.9047701760856974,0.264523595380234,0.0585,0.05646012983340012,0.7561485645645238,0.0,0.0,0
nominal,6,300,combined,11.61774728590947,0.5073333333333333,0.003282429128263215,0.8967589998356302,0.2851981814899011,0.05614583333333333,0.0731722415844026,0.7561551677964813,0.0,0.0,0
nominal,7,300,sham,261.8311032100447,0.5093333333333333,0.00271483239997711,0.9749944252231496,0.14939152758401136,0.41702083333333334,0.0,0.5077306842284535,0.0,0.0,0
nominal,7,300,fixed,150.9796476702271,0.5083333333333333,0.0018041346987899148,0.9793363632348965,0.16206836203826566,0.4365625,0.1600000000000001,1.0908721611001297,0.0,0.0,0
nominal,7,300,rate,184.96992722939592,0.5096666666666667,0.002073924565551429,0.9760909236119863,0.19964311846925048,0.0916875,0.02819890703144648,0.5077306512290465,0.0,0.0,0
nominal,7,300,entropy,184.5827954764244,0.5093333333333333,0.0019994070203639912,0.9734565702622141,0.21356036437666315,0.16552083333333334,0.045071219597271846,0.5077306512067945,0.0,0.0,0
nominal,7,300,combined,159.26111838448674,0.5096666666666667,0.0018687992753755015,0.9729322713291336,0.20110418114926484,0.1086875,0.04309891532676467,0.5077306813774879,0.0,0.0,0
nominal,8,300,sham,14.461216993640289,0.49066666666666664,0.003021755785211568,0.9276253466918993,0.23640581269703312,0.0,0.0,0.8841303567116808,0.0,0.0,0
nominal,8,300,fixed,13.673340858039037,0.49066666666666664,0.0029683146665412997,0.9350818008358212,0.22685041568450706,0.0,0.04000000000000002,0.8885757578083863,0.0,0.0,0
nominal,8,300,rate,9.747149811367711,0.49066666666666664,0.0021656220771741315,0.9294998095004049,0.2944400348727626,0.0,0.025870158017148447,0.88220752302529,0.0,0.0,0
nominal,8,300,entropy,9.5825175719896,0.488,0.0020871606873027926,0.9240204292747147,0.3015639601336984,0.0,0.05577357228674653,0.8684642388176192,0.0,0.0,0
nominal,8,300,combined,9.47528572740247,0.49066666666666664,0.0020982581253451366,0.9186529042669395,0.3143296465304733,0.0,0.040404882167440696,0.8761571720449309,0.0,0.0,0
nominal,9,300,sham,85.44096283949331,0.5093333333333333,0.003019597226157618,0.9628122127069241,0.15831419997474178,0.06839583333333334,0.0,0.5576539582318373,0.0,0.0,0
nominal,9,300,fixed,58.25478114493555,0.628,0.0023077176640335924,0.9759824102753003,0.17968053909429937,0.43445833333333334,0.1600000000000001,0.9356632614364438,0.0,0.0,0
nominal,9,300,rate,57.393068121601225,0.5096666666666667,0.0022087516231104865,0.9553135452909155,0.2270345820661669,0.058416666666666665,0.02967577382348037,0.5576537710007742,0.0,0.0,0
nominal,9,300,entropy,49.03259340606171,0.509,0.0020337460693757763,0.958795313416314,0.2183216067957854,0.09416666666666666,0.03478716790476152,0.5576536981989253,0.0,0.0,0
nominal,9,300,combined,50.67168182983361,0.5093333333333333,0.002068133384785497,0.9593589764296345,0.23717623672102633,0.058229166666666665,0.03907654983477778,0.557653958103558,0.0,0.0,0
nominal,10,300,sham,103.44744545826063,0.49066666666666664,0.005992210393510218,0.9096112636359475,0.18962207470821735,0.058020833333333334,0.0,0.7620429275370211,0.0,0.0,0
nominal,10,300,fixed,63.36666177027239,0.49133333333333334,0.004143736712086686,0.9364551408657658,0.18954111821975594,0.4289791666666667,0.3599999999999999,3.1482029421782345,0.0,0.0,0
nominal,10,300,rate,66.47803128843319,0.49066666666666664,0.004208149252821517,0.9268420643976611,0.23014163457183218,0.059520833333333335,0.05151484935467297,0.7577095992474856,0.0,0.0,0
nominal,10,300,entropy,62.420512126984754,0.49133333333333334,0.004011760396477835,0.917307434195673,0.2373800323842711,0.0640625,0.06750189721592746,0.7741722040013858,0.0,0.0,0
nominal,10,300,combined,60.91797461771686,0.49133333333333334,0.003924155631630855,0.9190086481033231,0.2437789099850532,0.06452083333333333,0.07642135361170975,0.7571194388861614,0.0,0.0,0
nominal,11,300,sham,34.129758221632464,0.5073333333333333,0.004405076411982815,0.9409518196186719,0.15509070151190404,0.05645833333333333,0.0,0.9069127673931286,0.0,0.0,0
nominal,11,300,fixed,33.40966669245936,0.507,0.004390246590132083,0.9567781161864917,0.15211525201053958,0.05725,0.04000000000000002,0.9128290146776532,0.0,0.0,0
nominal,11,300,rate,24.422127330217325,0.5076666666666667,0.0032422423960099776,0.9315399205122422,0.21453760532154575,0.05545833333333333,0.044278821128476496,0.9069129737918075,0.0,0.0,0
nominal,11,300,entropy,22.527151064320467,0.5073333333333333,0.0030644002242253385,0.9403713867097614,0.2254008393587999,0.0555,0.05849870829640048,0.9069128976742179,0.0,0.0,0
nominal,11,300,combined,21.209696076155605,0.5076666666666667,0.002899522917837075,0.9325775307492674,0.23197031572610186,0.05433333333333333,0.06730089598078882,0.9069128065321658,0.0,0.0,0
nominal,12,300,sham,28.78899228131811,0.5093333333333333,0.0014053022949598447,0.9712392701956937,0.20649519190222615,0.026895833333333334,0.0,0.7779422099829262,0.0,0.0,0
nominal,12,300,fixed,28.78899228131811,0.5093333333333333,0.0014053022949598447,0.9712392701956937,0.20649519190222615,0.026895833333333334,0.0,0.7779422099829262,0.0,0.0,0
nominal,12,300,rate,18.58111291155841,0.5096666666666667,0.001028776929343281,0.9679129914025003,0.2864376525742571,0.005625,0.013957959082477508,0.7779422087666698,0.0,0.0,0
nominal,12,300,entropy,20.501972107547793,0.509,0.0011485546119491378,0.9627228946877882,0.2913421257182964,0.008270833333333333,0.025716016304917686,0.7779422092024508,0.0,0.0,0
nominal,12,300,combined,17.15844656355417,0.5096666666666667,0.0009977969292255687,0.9659160912577199,0.28330798805242957,0.008729166666666666,0.018447983698963992,0.7779422108571087,0.0,0.0,0
nominal,13,300,sham,249.48399557936557,0.491,0.0024813900692889973,0.961329962190409,0.19398069010510172,0.004291666666666667,0.0,0.6923385562049846,0.0,0.0,0
nominal,13,300,fixed,142.94234780411273,0.49133333333333334,0.001572750605171614,0.9747428119664391,0.20939465672269034,0.0740625,0.3599999999999999,4.206433802024251,0.0,0.0,0
nominal,13,300,rate,165.82215744048332,0.49066666666666664,0.0017556220682109032,0.9648125601343718,0.23338625532949425,0.0036875,0.02337185295653482,0.6923385346689548,0.0,0.0,0
nominal,13,300,entropy,249.48399557936557,0.491,0.0024813900692889973,0.961329962190409,0.19398069010510172,0.004291666666666667,0.0,0.6923385562049846,0.0,0.0,0
nominal,13,300,combined,165.82215744048332,0.49066666666666664,0.0017556220682109032,0.9648125601343718,0.23338625532949425,0.0036875,0.02337185295653482,0.6923385346689548,0.0,0.0,0
nominal,14,300,sham,365.55920580055465,0.49166666666666664,0.001600724320478538,0.9602208873755209,0.25003130891553116,0.059833333333333336,0.0,0.5723663411104761,0.0,0.0,0
nominal,14,300,fixed,101.58669599136881,0.492,0.0006475589275497251,0.9711966412354069,0.30555546208591416,0.44383333333333336,0.1600000000000001,1.4825025798290803,0.0,0.0,0
nominal,14,300,rate,199.98996219079572,0.49133333333333334,0.0010209267069030891,0.9604947366101558,0.30796624461220296,0.07066666666666667,0.012977886361650908,0.5723663442531289,0.0,0.0,0
nominal,14,300,entropy,365.55920580055465,0.49166666666666664,0.001600724320478538,0.9602208873755209,0.25003130891553116,0.059833333333333336,0.0,0.5723663411104761,0.0,0.0,0
nominal,14,300,combined,199.98996219079572,0.49133333333333334,0.0010209267069030891,0.9604947366101558,0.30796624461220296,0.07066666666666667,0.012977886361650908,0.5723663442531289,0.0,0.0,0
nominal,15,300,sham,142.49520304327783,0.49133333333333334,0.004016426739798983,0.9435214384850483,0.203971432299886,0.058145833333333334,0.0,0.5652902185630364,0.0,0.0,0
nominal,15,300,fixed,62.762687932797455,0.49166666666666664,0.0020280382116173445,0.9541493685949068,0.2373135537526801,0.4307708333333333,0.3599999999999999,2.6230699399436017,0.0,0.0,0
nominal,15,300,rate,90.58086437558613,0.491,0.0026421511919504643,0.9379448039368978,0.2572125087555153,0.058166666666666665,0.03391954970267436,0.565347525162896,0.0,0.0,0
nominal,15,300,entropy,85.5106545593273,0.49133333333333334,0.0025458974465034584,0.934348328101133,0.2863852839552819,0.0584375,0.05385832338644354,0.6732589724094412,0.0,0.0,0
nominal,15,300,combined,84.83539168592732,0.491,0.0024858294315235666,0.9354345209162488,0.27458192118179053,0.061,0.051818038890012415,0.5695169102349414,0.0,0.0,0
nominal,16,300,sham,48.37379999344664,0.5093333333333333,0.0016444226358976503,0.9642970702723168,0.19739321479715083,0.05616666666666666,0.0,0.6156250257308004,0.0,0.0,0
nominal,16,300,fixed,45.00387767577224,0.5086666666666667,0.0015803245789029338,0.9684027040778556,0.20477126377942464,0.056916666666666664,0.04000000000000002,0.6176441391522517,0.0,0.0,0
nominal,16,300,rate,33.75307347788141,0.5096666666666667,0.001239381163208718,0.9619850881775966,0.2709346717817945,0.05566666666666667,0.016466960502585615,0.6156250445464901,0.0,0.0,0
nominal,16,300,entropy,32.38525921201637,0.5096666666666667,0.0011825822376743754,0.9595721124954033,0.28757197986565997,0.05541666666666667,0.030651975917324544,0.6156249613340325,0.0,0.0,0
nominal,16,300,combined,31.15191016471153,0.5093333333333333,0.0011726504922373862,0.9614353661612214,0.27896470269999074,0.05545833333333333,0.02385223921662249,0.6156249992786046,0.0,0.0,0
nominal,17,300,sham,71.98775793003466,0.49066666666666664,0.004876994527770225,0.9246574001521757,0.1910720995356217,0.023625,0.0,0.7918488702237253,0.0,0.0,0
nominal,17,300,fixed,53.047407859348255,0.491,0.0037983588493973766,0.953305791670349,0.1869238065214381,0.1106875,0.3599999999999999,1.9488649308277033,0.0,0.0,0
nominal,17,300,rate,48.54473767743468,0.49066666666666664,0.0034081690188913485,0.9326164077667257,0.23673853772247294,0.012229166666666666,0.04281657254030415,0.7887482574568767,0.0,0.0,0
nominal,17,300,entropy,45.98086174740737,0.49066666666666664,0.0032405022094326905,0.9270819652569063,0.2502157630130046,0.014791666666666667,0.062464855894444365,0.7909965007646969,0.0,0.0,0
nominal,17,300,combined,44.99839159440356,0.49066666666666664,0.0031717579879017256,0.9320270588814936,0.2521349913984395,0.0145,0.0662338427939717,0.7841546027112182,0.0,0.0,0
nominal,18,300,sham,176.81943035201814,0.491,0.0033749334715681193,0.9560588426430441,0.18021582638697797,0.00275,0.0,0.6817736668110256,0.0,0.0,0
nominal,18,300,fixed,104.55673734983297,0.491,0.0021715209289128283,0.9683648287184554,0.18803312957263743,0.07329166666666667,0.3599999999999999,2.840605618770484,0.0,0.0,0
nominal,18,300,rate,120.6846212774858,0.49066666666666664,0.002410394022209205,0.9604737109928282,0.21615995385746772,0.002875,0.03202252346895257,0.6815824087986534,0.0,0.0,0
nominal,18,300,entropy,106.50533620785681,0.49066666666666664,0.002178115504716014,0.9603857711094812,0.2192885609641389,0.013458333333333333,0.06114572159406982,0.6793836581648242,0.0,0.0,0
nominal,18,300,combined,110.44093629420985,0.49066666666666664,0.00222280205492801,0.9601787362897334,0.22719843775855333,0.0055625,0.053934169725905465,0.6793843908197138,0.0,0.0,0
nominal,19,300,sham,125.0822927200071,0.5093333333333333,0.0016271842693760968,0.9712273162492362,0.18342780085971522,0.4339166666666667,0.0,0.4020995959879815,0.0,0.0,0
nominal,19,300,fixed,60.6997351195772,0.7183333333333334,0.0010630000403014975,0.9766916270085199,0.22346844918577055,0.46341666666666664,0.1600000000000001,0.8509165197516492,0.0,0.0,0
nominal,19,300,rate,84.20441024028646,0.5096666666666667,0.0012314714404336445,0.9697070435943955,0.25301292000865355,0.29685416666666664,0.016053173404541002,0.40209959739525847,0.0,0.0,0
nominal,19,300,entropy,106.63919881724149,0.5096666666666667,0.0013697514138471308,0.9668489040793867,0.2781420250246714,0.1426875,0.039800137052048434,0.40692609188502205,0.0,0.0,0
nominal,19,300,combined,76.92949933718464,0.5093333333333333,0.0011371908706460335,0.9667357033645396,0.25128671239926953,0.158875,0.028401297831219793,0.40209959351537666,0.0,0.0,0
nominal,20,300,sham,65.96275949782208,0.491,0.00455765809085566,0.9359988087862695,0.1887967415535167,0.0,0.0,0.9440875025074691,0.0,0.0,0
nominal,20,300,fixed,51.67525382462862,0.491,0.0037955816342043398,0.9501448507242846,0.1854786746905383,0.0568125,0.3599999999999999,2.1943210094639016,0.0,0.0,0
nominal,20,300,rate,42.49447143384903,0.49066666666666664,0.003276278447238877,0.9411987746560329,0.2313158787429401,0.0003958333333333333,0.041477736019941744,0.9400645774601477,0.0,0.0,0
nominal,20,300,entropy,52.64863547696371,0.49066666666666664,0.0037829208161537153,0.9321074533943521,0.22974040313717706,0.0014583333333333334,0.04687656799221639,0.9167496263460715,0.0,0.0,0
nominal,20,300,combined,41.11619542961287,0.49066666666666664,0.0031831576659604086,0.9332346794241821,0.2463563563091245,0.0016666666666666668,0.060771072955955435,0.9345879533706001,0.0,0.0,0
nominal,21,300,sham,161.54961662139394,0.491,0.0026649860160052447,0.9552118805190425,0.19800381861679994,0.0,0.0,0.7703770195567246,0.0,0.0,0
nominal,21,300,fixed,119.1718039307924,0.49133333333333334,0.0020625817483581436,0.9642143186923401,0.2061788883459867,0.05254166666666667,0.3599999999999999,3.430467894965497,0.0,0.0,0
nominal,21,300,rate,109.61080620442576,0.49066666666666664,0.0019224206821095,0.9569545120895142,0.239441574802402,0.0,0.025147201663465627,0.7703770007630527,0.0,0.0,0
nominal,21,300,entropy,111.90325592047387,0.49066666666666664,0.0019366217172785056,0.9569196676989633,0.23747925789734398,0.0022291666666666666,0.050624666017458235,0.8035659221884623,0.0,0.0,0
nominal,21,300,combined,100.16282604268058,0.49066666666666664,0.0017920283289751039,0.9565552735269641,0.2562523224220007,0.0005833333333333334,0.0437598332720259,0.7662373897032629,0.0,0.0,0
nominal,22,300,sham,13.610851444974433,0.49066666666666664,0.003293705086239861,0.9301510041595155,0.2178753789910359,0.0,0.0,0.8495875641608411,0.0,0.0,0
nominal,22,300,fixed,12.955359696688848,0.49033333333333334,0.003179311381830192,0.9352365335279258,0.21109365569452584,0.0,0.04000000000000002,0.8530096805980621,0.0,0.0,0
nominal,22,300,rate,9.753265602152608,0.49033333333333334,0.0023884579309111035,0.9322714437898967,0.26837213169285973,0.0,0.029524607544706774,0.8480761952438999,0.0,0.0,0
nominal,22,300,entropy,9.542673307300108,0.49066666666666664,0.0023255687500939497,0.9250432020119671,0.28621356640946743,0.0,0.05459654315094112,0.8288135297612326,0.0,0.0,0
nominal,22,300,combined,9.661452286516766,0.49033333333333334,0.0023707435936794145,0.9260444111975031,0.28597034306496166,0.0,0.0429689893346264,0.8432207490691501,0.0,0.0,0
nominal,23,300,sham,85.51808861595414,0.5093333333333333,0.0020895959852011425,0.9752087460616484,0.1640490696268104,0.05645833333333333,0.0,0.623380018227773,0.0,0.0,0
nominal,23,300,fixed,77.0506616395355,0.509,0.001883175746262634,0.9757030155685743,0.16744105695235317,0.057229166666666664,0.04000000000000002,0.6269389448995327,0.0,0.0,0
nominal,23,300,rate,59.582317520256666,0.5096666666666667,0.0015774109780271903,0.9722214268404986,0.22079867102145706,0.05585416666666667,0.02174643416912313,0.6233800633358144,0.0,0.0,0
nominal,23,300,entropy,61.66571343630496,0.5096666666666667,0.001591705053217965,0.9701760833535746,0.2200599625689056,0.05541666666666667,0.0317824805870327,0.6233799758016729,0.0,0.0,0
nominal,23,300,combined,52.72023470233579,0.5096666666666667,0.0014345794628880947,0.9717580564253383,0.22565940780656424,0.055625,0.03351042509402582,0.6233800105770945,0.0,0.0,0
delay_2s,0,100,sham,43.29959274309368,0.421,0.0028519221851060765,0.9468242989358749,0.16867040841298847,0.042125,0.0,0.8615112716558987,0.0,0.0,0
delay_2s,0,100,rate,35.79635471374246,0.42133333333333334,0.002316591980645401,0.9420645059741364,0.2187269878119073,0.0193125,0.029752424525358635,0.8615110457145906,0.0,0.0,0
delay_2s,0,100,combined,32.886725694926646,0.42133333333333334,0.002086513008258068,0.9392604314454219,0.22766019017982522,0.005125,0.051188746945899415,0.8602639928820656,0.0,0.0,0
delay_2s,1,100,sham,123.75723586132607,0.421,0.0017837130865078561,0.9545338002393732,0.1824677329029182,0.06179166666666667,0.0,0.5429660383346017,0.0,0.0,0
delay_2s,1,100,rate,102.28587319498645,0.42133333333333334,0.0014993721613645356,0.9550329792562844,0.23062086604900434,0.0634375,0.01966965215558985,0.5429660366981403,0.0,0.0,0
delay_2s,1,100,combined,95.75899855913858,0.42133333333333334,0.0013711097055407098,0.9526883635557829,0.2505079183975715,0.060520833333333336,0.04134071694462306,0.5427437324518315,0.0,0.0,0
delay_2s,2,100,sham,131.93431620700676,0.421,0.003097989078225589,0.9574590280770708,0.15254569154077877,0.07064583333333334,0.0,0.6120438719833285,0.0,0.0,0
delay_2s,2,100,rate,111.28770798777943,0.42133333333333334,0.002637919925902152,0.9482698767917407,0.19191903747870834,0.07,0.033696199062274404,0.6119609750157138,0.0,0.0,0
delay_2s,2,100,combined,108.60451190911033,0.42133333333333334,0.002506480609938456,0.9446651312995012,0.2051232433959706,0.0594375,0.06488186317290344,0.6129991203762865,0.0,0.0,0
delay_2s,3,100,sham,327.8346470671569,0.5796666666666667,0.004381153362184284,0.9539192254261109,0.19079735677629175,0.07845833333333334,0.0,0.5420022192028371,0.0,0.0,0
delay_2s,3,100,rate,204.27469096026564,0.5793333333333334,0.0030426544336333854,0.9485553439125786,0.23921525317637846,0.14216666666666666,0.03937235853874704,0.5420022079985504,0.0,0.0,0
delay_2s,3,100,combined,200.3525772156058,0.5793333333333334,0.0029152607120839173,0.9501970342410243,0.23337992462147591,0.15433333333333332,0.05642370172987485,0.5568301647753522,0.0,0.0,0
delay_2s,4,100,sham,237.86598732857027,0.421,0.002637275723450391,0.9543465463888919,0.16216496126166385,0.43485416666666665,0.0,0.5272444597568905,0.0,0.0,0
delay_2s,4,100,rate,194.13094585506238,0.42133333333333334,0.002192392185158265,0.9529703872413174,0.20769688403366296,0.3930625,0.02695587386251186,0.5272619454259146,0.0,0.0,0
delay_2s,4,100,combined,201.4610412842847,0.42133333333333334,0.0021852870518473747,0.9505897382158993,0.21771941233714023,0.25508333333333333,0.05306573251392313,0.5297957763576124,0.0,0.0,0
delay_2s,5,100,sham,75.56936293482823,0.421,0.001587423396741889,0.9673609852087321,0.1836135592515827,0.034770833333333334,0.0,0.7418443887578097,0.0,0.0,0
delay_2s,5,100,rate,60.44637039755964,0.42133333333333334,0.0012984575724609853,0.9600555840854811,0.23328397638749368,0.016791666666666667,0.017224054363813433,0.7418444150034744,0.0,0.0,0
delay_2s,5,100,combined,53.63958037982794,0.42133333333333334,0.0011621444546115983,0.9613296853180097,0.24497465250095138,0.005145833333333333,0.03444182069591896,0.7412100168594018,0.0,0.0,0
delay_2s,6,100,sham,19.58528703882557,0.421,0.004608048160378266,0.9013908399086668,0.1831214844749864,0.058708333333333335,0.0,0.8487846993946931,0.0,0.0,0
delay_2s,6,100,rate,16.033883491346973,0.42133333333333334,0.0037369651343526667,0.8947332416349376,0.2412068610619144,0.058583333333333334,0.042785136877410444,0.848464627734982,0.0,0.0,0
delay_2s,6,100,combined,14.873268516945018,0.42133333333333334,0.003349577716471704,0.8924829988033789,0.2547611509904277,0.058125,0.07302988150156382,0.8478905143826304,0.0,0.0,0
delay_2s,7,100,sham,262.81071751426214,0.421,0.0024172892077692085,0.9641868047930054,0.15228694388297803,0.4126875,0.0,0.561219985706499,0.0,0.0,0
delay_2s,7,100,rate,215.75288750114132,0.42133333333333334,0.0020172539867781593,0.9600732703533705,0.19316053323979052,0.15566666666666668,0.025635712393654794,0.5610048163013353,0.0,0.0,0
delay_2s,7,100,combined,208.74392262539837,0.42133333333333334,0.0018974421252435309,0.9618025273576296,0.20775770848555863,0.10527083333333333,0.05375669424497481,0.56403772060509,0.0,0.0,0
delay_2s,8,100,sham,13.727569524891956,0.579,0.0032536967043852697,0.9216634657851681,0.23069872162233163,6.25e-05,0.0,0.9011319250031417,0.0,0.0,0
delay_2s,8,100,rate,9.262999000895723,0.579,0.0025176087570143654,0.9142116137852286,0.27996718315435665,0.0002708333333333333,0.029170352862964467,0.9011330556018489,0.0,0.0,0
delay_2s,8,100,combined,9.827731014350533,0.577,0.0026350337050080135,0.9148863920150041,0.28636853933678236,0.0006041666666666667,0.04096445908938396,0.9014535053102295,0.0,0.0,0
delay_2s,9,100,sham,86.63690107975506,0.421,0.002684129392271392,0.9516751738391789,0.1639139055426772,0.06958333333333333,0.0,0.5657154987224636,0.0,0.0,0
delay_2s,9,100,rate,69.87406816287302,0.42133333333333334,0.0021887049987650074,0.9474439387224083,0.22148779046755313,0.075625,0.027447370011925196,0.5657153345464981,0.0,0.0,0
delay_2s,9,100,combined,68.04671441231896,0.42133333333333334,0.0020525731270978724,0.9394426871960925,0.2389526910171558,0.059354166666666666,0.04832861974068048,0.5663395064185576,0.0,0.0,0
delay_2s,10,100,sham,101.39317307165773,0.5776666666666667,0.006257130793549646,0.9077667766109003,0.18743538861979203,0.07658333333333334,0.0,0.774730730973706,0.0,0.0,0
delay_2s,10,100,rate,66.945532008407,0.5783333333333334,0.004650011781080527,0.8981277179986703,0.22712470110123043,0.0816875,0.05714811372158246,0.7766798056266178,0.0,0.0,0
delay_2s,10,100,combined,65.60432544762097,0.5773333333333334,0.004535439155269147,0.9014347093110501,0.22716925004212596,0.10335416666666666,0.08385677808673302,0.7928141386769403,0.0,0.0,0
delay_2s,11,100,sham,35.49399680127801,0.422,0.004135589729367039,0.9407692923704128,0.1540494899704544,0.0583125,0.0,0.8448111889678188,0.0,0.0,0
delay_2s,11,100,rate,28.948265616854858,0.422,0.003341074878149923,0.9300603318980335,0.1999538816224064,0.05775,0.04165965053083092,0.8445774557941828,0.0,0.0,0
delay_2s,11,100,combined,27.22677473756542,0.4216666666666667,0.0030615251411128894,0.9325923700319089,0.21651668720638306,0.05658333333333333,0.07314662772273516,0.8425264595507301,0.0,0.0,0
delay_2s,12,100,sham,29.690141705483743,0.421,0.0012765265536933941,0.958786956808455,0.22228014832779358,0.027208333333333334,0.0,0.698413671318504,0.0,0.0,0
delay_2s,12,100,rate,22.78919454950738,0.42133333333333334,0.0010192443371835655,0.9524587847696261,0.29088228398176474,0.0129375,0.01341977986890046,0.6984138758250874,0.0,0.0,0
delay_2s,12,100,combined,21.90476364439989,0.4206666666666667,0.0009494197686818462,0.9546914366185578,0.3192767857057372,0.007291666666666667,0.02698701233998933,0.6984140106044562,0.0,0.0,0
delay_2s,13,100,sham,248.31372544559144,0.5793333333333334,0.0025839940575400427,0.9679289108829027,0.19656112617718616,0.011333333333333334,0.0,0.6469152121247361,0.0,0.0,0
delay_2s,13,100,rate,172.13071133505358,0.579,0.001957820068378369,0.967412302131187,0.23338775244984275,0.016145833333333335,0.0253012403732095,0.6469152205719596,0.0,0.0,0
delay_2s,13,100,combined,172.13071133505358,0.579,0.001957820068378369,0.967412302131187,0.23338775244984275,0.016145833333333335,0.0253012403732095,0.6469152205719596,0.0,0.0,0
delay_2s,14,100,sham,370.271630306685,0.58,0.0016642824577079644,0.965266547932114,0.24808544339030217,0.07885416666666667,0.0,0.552357256002178,0.0,0.0,0
delay_2s,14,100,rate,215.0368356226144,0.5793333333333334,0.0011930116676517983,0.962209042824975,0.2983164039105346,0.1258125,0.015890408048115055,0.5523572580946211,0.0,0.0,0
delay_2s,14,100,combined,215.0368356226144,0.5793333333333334,0.0011930116676517983,0.962209042824975,0.2983164039105346,0.1258125,0.015890408048115055,0.5523572580946211,0.0,0.0,0
delay_2s,15,100,sham,141.68900270674646,0.5796666666666667,0.004183565478223489,0.9447052226818157,0.20284561332784265,0.0768125,0.0,0.6004342955684313,0.0,0.0,0
delay_2s,15,100,rate,92.79258662335602,0.5793333333333334,0.002976971025916949,0.9343131745931843,0.25400696643685194,0.07854166666666666,0.03809029496539778,0.6004343841552158,0.0,0.0,0
delay_2s,15,100,combined,94.33785173867635,0.579,0.0029852692547515172,0.9349208135232568,0.2574885174197529,0.0935,0.05588824722703763,0.6100170512187207,0.0,0.0,0
delay_2s,16,100,sham,48.979373593394236,0.421,0.0014478013173254815,0.9551279790944164,0.21501467784638706,0.057979166666666665,0.0,0.6491885380176065,0.0,0.0,0
delay_2s,16,100,rate,39.77824094041384,0.42133333333333334,0.001189777545986336,0.949462915636261,0.2757574644201558,0.0576875,0.015322207989584388,0.6491885103008919,0.0,0.0,0
delay_2s,16,100,combined,38.38971816862657,0.42133333333333334,0.0010905487914674046,0.9470220490340353,0.30377989493518137,0.057541666666666665,0.033107303885614635,0.6491191699909686,0.0,0.0,0
delay_2s,17,100,sham,70.78180674922267,0.579,0.005102903251314058,0.9142148914994412,0.1914557979376448,0.035916666666666666,0.0,0.8471611155841718,0.0,0.0,0
delay_2s,17,100,rate,49.32960779047316,0.579,0.003816494675182417,0.914228008559184,0.232915581108248,0.03025,0.0468931107258246,0.8472069994072784,0.0,0.0,0
delay_2s,17,100,combined,51.14888324303283,0.579,0.003876437949953455,0.9161001895457556,0.23871728879491114,0.030208333333333334,0.061049213069577946,0.8561125268693538,0.0,0.0,0
delay_2s,18,100,sham,175.08511176881458,0.5793333333333334,0.0034951139076763206,0.964740919941589,0.1831703489611364,0.007479166666666667,0.0,0.6874495019485105,0.0,0.0,0
delay_2s,18,100,rate,124.47992247195262,0.579,0.0026585549514257885,0.9624212670666792,0.2163337984132923,0.0155,0.03423844370096464,0.6874495148026005,0.0,0.0,0
delay_2s,18,100,combined,128.1450770199558,0.579,0.0026929869321009334,0.9618197692997666,0.21517246961564376,0.022291666666666668,0.04899262559343861,0.6927251452207147,0.0,0.0,0
delay_2s,19,100,sham,122.5280211828342,0.4206666666666667,0.001367254801666665,0.9587318751792704,0.20254010616697546,0.4336041666666667,0.0,0.4331836250444156,0.0,0.0,0
delay_2s,19,100,rate,100.97644117112655,0.421,0.0011405863116539653,0.9599399657130111,0.2551725212791995,0.31033333333333335,0.014555073406576687,0.4331836221337244,0.0,0.0,0
delay_2s,19,100,combined,102.53277831190377,0.42133333333333334,0.0010724548718874616,0.9611731206135584,0.2742282524041899,0.1690625,0.036064946854818515,0.4324065089727767,0.0,0.0,0
delay_2s,20,100,sham,63.869844498775706,0.579,0.004778995526195793,0.9405633901048507,0.18904816232108854,0.0012291666666666666,0.0,0.9016518133589938,0.0,0.0,0
delay_2s,20,100,rate,42.89282596150061,0.579,0.0036723993206984767,0.9380374114603355,0.22624065602980692,0.004229166666666667,0.04478452884676032,0.9019839162725094,0.0,0.0,0
delay_2s,20,100,combined,43.946442190576064,0.579,0.003693916761062697,0.9298860680710128,0.23741730366998146,0.007083333333333333,0.06292484149983858,0.9075861960693405,0.0,0.0,0
delay_2s,21,100,sham,159.57639391600796,0.5793333333333334,0.002800324461265645,0.9627526519777029,0.1989383556378822,0.0010833333333333333,0.0,0.745025965172019,0.0,0.0,0
delay_2s,21,100,rate,112.67608774144254,0.579,0.0021606330110316096,0.959072614536009,0.23674481393734476,0.0021666666666666666,0.02724491455562789,0.7450259371574607,0.0,0.0,0
delay_2s,21,100,combined,116.78449655931,0.579,0.0022113348322050806,0.9574869462165426,0.243263228615228,0.004083333333333333,0.043212517131643,0.7516820080019647,0.0,0.0,0
delay_2s,22,100,sham,12.760775713795377,0.579,0.003509293971440821,0.9300006024946693,0.2151493308743097,0.0,0.0,0.9043908439766826,0.0,0.0,0
delay_2s,22,100,rate,9.198917132875579,0.5786666666666667,0.00273613038663039,0.9249699528532929,0.2579566723278698,0.0,0.03241364311364758,0.9043906926826724,0.0,0.0,0
delay_2s,22,100,combined,10.061408601224441,0.579,0.002975767168439259,0.9252792772011963,0.2682184284497937,4.1666666666666665e-05,0.04232821338547285,0.9048519394455901,0.0,0.0,0
delay_2s,23,100,sham,86.81834904777327,0.421,0.0018668197458721807,0.9650130940934171,0.16891951332944674,0.05825,0.0,0.6903040343662037,0.0,0.0,0
delay_2s,23,100,rate,69.88577596738467,0.42133333333333334,0.0015310521998450665,0.960701777085049,0.21496952794146376,0.057895833333333334,0.02012891788705128,0.690304018921631,0.0,0.0,0
delay_2s,23,100,combined,63.34781995350509,0.42133333333333334,0.001374932719577542,0.9585388691604596,0.23544497404668988,0.057375,0.041526541598996734,0.6898873705186468,0.0,0.0,0
delay_2s,0,200,sham,40.56475066702521,0.584,0.003292842419828237,0.9548276140432806,0.1586344928708314,0.0528125,0.0,0.7379146308474208,0.0,0.0,0
delay_2s,0,200,rate,32.81640360648877,0.5836666666666667,0.002651810466070578,0.9452305407870057,0.21283558631245295,0.012645833333333334,0.033618474929129796,0.742261312258756,0.0,0.0,0
delay_2s,0,200,combined,30.81780224475324,0.5836666666666667,0.0024528746369676994,0.9451424335367229,0.21163071823625831,0.0077083333333333335,0.05739040366828831,0.7597356889145533,0.0,0.0,0
delay_2s,1,200,sham,118.65467653116855,0.584,0.0021489794866836466,0.9642489509341168,0.16685957730327533,0.0785625,0.0,0.44622286949815904,0.0,0.0,0
delay_2s,1,200,rate,95.61881411387961,0.5836666666666667,0.0017825365632174609,0.9622506276995745,0.22260498120168665,0.074625,0.023419798646012055,0.44613055485354,0.0,0.0,0
delay_2s,1,200,combined,109.37803550762483,0.5836666666666667,0.0018611935000349203,0.9576364181465681,0.216101381697532,0.07433333333333333,0.03626701791583198,0.4462227953409666,0.0,0.0,0
delay_2s,2,200,sham,125.89904706205147,0.584,0.003526670291460075,0.9585110857472351,0.14515011355317875,0.08897916666666666,0.0,0.5394612937165321,0.0,0.0,0
delay_2s,2,200,rate,104.61420861952485,0.5836666666666667,0.0029883959249955485,0.9559921269185149,0.19085875217875603,0.07541666666666667,0.038005094653136264,0.542818925304425,0.0,0.0,0
delay_2s,2,200,combined,107.10034843704811,0.5836666666666667,0.002967197221114624,0.9527823843302025,0.19414064057393784,0.0750625,0.0629991109923716,0.5457861412375716,0.0,0.0,0
delay_2s,3,200,sham,332.1238728835883,0.41533333333333333,0.0038439051588054856,0.947820549103667,0.1942415715490857,0.05445833333333333,0.0,0.49574347629123305,0.0,0.0,0
delay_2s,3,200,rate,221.14584634957805,0.4156666666666667,0.0027372139313892267,0.9420902454802431,0.2537252199686903,0.10345833333333333,0.034993776773829234,0.4957434594868136,0.0,0.0,0
delay_2s,3,200,combined,203.67677576612223,0.4156666666666667,0.0025820823473540234,0.939998200085278,0.27447489113341694,0.119,0.057887966938655534,0.495743439495915,0.0,0.0,0
delay_2s,4,200,sham,230.24063962523388,0.584,0.003131621118047604,0.9594784841808661,0.1520634724890426,0.45145833333333335,0.0,0.46591243425592205,0.0,0.0,0
delay_2s,4,200,rate,184.4649190465704,0.5836666666666667,0.0025726407814752198,0.9587617527195984,0.20495744599855642,0.4148125,0.03127791179288855,0.46393018055871327,0.0,0.0,0
delay_2s,4,200,combined,212.25180872585204,0.5836666666666667,0.0027766971715348305,0.9552839305327794,0.20898627444158568,0.2823333333333333,0.05029473196901233,0.4655607631011416,0.0,0.0,0
delay_2s,5,200,sham,71.39831820921722,0.584,0.0019047053817102598,0.9694716085903493,0.168997523462151,0.042208333333333334,0.0,0.6871779875946341,0.0,0.0,0
delay_2s,5,200,rate,54.872542512771616,0.5836666666666667,0.0015388714847660288,0.964686746676436,0.22353198276064826,0.014145833333333333,0.02040801510079629,0.6883619808081538,0.0,0.0,0
delay_2s,5,200,combined,58.47077438576569,0.5836666666666667,0.0015602814833269576,0.9631207344636887,0.23085602107926437,0.011541666666666667,0.0340496313964206,0.6893087737203617,0.0,0.0,0
delay_2s,6,200,sham,17.426147667744857,0.584,0.005249820799054073,0.9014023289518074,0.16807939647911974,0.0735,0.0,0.7110749247811508,0.0,0.0,0
delay_2s,6,200,rate,14.054824131483464,0.5836666666666667,0.004204159146635236,0.8851428696162498,0.23655447611991187,0.07258333333333333,0.05024362656719453,0.7118727227114496,0.0,0.0,0
delay_2s,6,200,combined,13.851577714258418,0.584,0.004042191438054353,0.8987633207284297,0.25573386119050445,0.07241666666666667,0.07850660806071605,0.7250198821695666,0.0,0.0,0
delay_2s,7,200,sham,255.4123071961792,0.584,0.0028149910661170435,0.967751243214229,0.1450392071411187,0.431875,0.0,0.5321850504606974,0.0,0.0,0
delay_2s,7,200,rate,206.44337754284143,0.5836666666666667,0.0023337724465202817,0.9656581267689462,0.19181727430317116,0.1459375,0.02901809570987416,0.5346497550539901,0.0,0.0,0
delay_2s,7,200,combined,227.85036038369628,0.5836666666666667,0.002472160690429942,0.9629584303402541,0.20018088809383386,0.15616666666666668,0.04188726834814482,0.5322774529963517,0.0,0.0,0
delay_2s,8,200,sham,15.400740020913753,0.416,0.002784288307671261,0.9189687317089206,0.2536777500774263,0.0,0.0,0.8284351449109268,0.0,0.0,0
delay_2s,8,200,rate,11.265572692726654,0.416,0.0022618914978761295,0.9161094853767779,0.3162653623571699,0.0,0.025905696894226022,0.8284345037917494,0.0,0.0,0
delay_2s,8,200,combined,11.04371851078641,0.4136666666666667,0.002266812420124905,0.9164975888036845,0.3254172488643161,0.0,0.04206637008662981,0.8284337524775086,0.0,0.0,0
delay_2s,9,200,sham,82.56153922047692,0.5843333333333334,0.003179218816740481,0.9538898129911083,0.15431460965142116,0.08560416666666666,0.0,0.5100435116910057,0.0,0.0,0
delay_2s,9,200,rate,65.12337651972834,0.5836666666666667,0.0025605230074771724,0.9436887035781124,0.21968560925252695,0.07466666666666667,0.03154700978807122,0.5103623363254488,0.0,0.0,0
delay_2s,9,200,combined,70.37532682122097,0.5836666666666667,0.00258097882152601,0.9408955984150803,0.2075900807037129,0.10233333333333333,0.04931936303861706,0.5248152429755837,0.0,0.0,0
delay_2s,10,200,sham,106.85351967330446,0.41533333333333333,0.005622069620547807,0.8965792966335224,0.19956003209950526,0.05304166666666667,0.0,0.6226503018449513,0.0,0.0,0
delay_2s,10,200,rate,75.94973784032194,0.4156666666666667,0.004312328062764473,0.909625580983782,0.2447986821140809,0.057041666666666664,0.0504517939305152,0.6226496677126037,0.0,0.0,0
delay_2s,10,200,combined,69.7673931765841,0.416,0.004069404790642649,0.9075147326430976,0.2574946763547864,0.07195833333333333,0.08365823533701416,0.620053809178265,0.0,0.0,0
delay_2s,11,200,sham,32.29698009899604,0.5853333333333334,0.004619018427027293,0.9438508090182105,0.14771827991675351,0.0729375,0.0,0.7287535195799153,0.0,0.0,0
delay_2s,11,200,rate,25.616186091408693,0.5853333333333334,0.0036965015247639055,0.9359709703945513,0.19931424938960315,0.0718125,0.047328257250022814,0.7364838085389954,0.0,0.0,0
delay_2s,11,200,combined,24.72873590520129,0.5853333333333334,0.0034997363615222846,0.9343448629904313,0.20147919814697002,0.07066666666666667,0.07622002132436051,0.7476749345101082,0.0,0.0,0
delay_2s,12,200,sham,27.150530319263297,0.584,0.001551716321782769,0.9660275382045428,0.1974357963542569,0.03370833333333333,0.0,0.6090430142544897,0.0,0.0,0
delay_2s,12,200,rate,19.52628898597498,0.5836666666666667,0.0012156212727591213,0.9601945264987531,0.271405731702809,0.010208333333333333,0.016256994648801686,0.6090428524681376,0.0,0.0,0
delay_2s,12,200,combined,16.30818479356571,0.5896666666666667,0.001066572060180061,0.9567704424607198,0.29286781912049414,0.0058125,0.029195648733517553,0.609042920139418,0.0,0.0,0
delay_2s,13,200,sham,254.67198748562132,0.4156666666666667,0.002250660672207964,0.9615403012220073,0.20188429603324118,0.006166666666666667,0.0,0.6049683472702957,0.0,0.0,0
delay_2s,13,200,rate,187.31193763420063,0.416,0.0017590218633731956,0.9600151666185897,0.2487284684031972,0.015125,0.023062146013757882,0.6049683362737877,0.0,0.0,0
delay_2s,13,200,combined,187.31193763420063,0.416,0.0017590218633731956,0.9600151666185897,0.2487284684031972,0.015125,0.023062146013757882,0.6049683362737877,0.0,0.0,0
delay_2s,14,200,sham,373.80039693727684,0.415,0.0013516049367565787,0.9603143043472343,0.2640911181897386,0.0555,0.0,0.5317367099091709,0.0,0.0,0
delay_2s,14,200,rate,243.87973720031118,0.4156666666666667,0.0010120448802429325,0.9617641283531786,0.3339541949942549,0.08375,0.01313763990434854,0.531736712493682,0.0,0.0,0
delay_2s,14,200,combined,243.87973720031118,0.4156666666666667,0.0010120448802429325,0.9617641283531786,0.3339541949942549,0.08375,0.01313763990434854,0.531736712493682,0.0,0.0,0
delay_2s,15,200,sham,144.98976845741927,0.41533333333333333,0.003628398533037434,0.9376281141079763,0.2121104633784445,0.05322916666666667,0.0,0.576661663124701,0.0,0.0,0
delay_2s,15,200,rate,101.34175138949908,0.4156666666666667,0.002657166548679786,0.9315716479994476,0.27342507491331247,0.05383333333333333,0.033476745227382046,0.576661734069768,0.0,0.0,0
delay_2s,15,200,combined,93.99211284602049,0.416,0.0025127724899955037,0.9294075761997216,0.28988200828698085,0.067625,0.05810439007861536,0.5766618562413598,0.0,0.0,0
delay_2s,16,200,sham,46.451222361879985,0.584,0.0017940841748675495,0.9618285644268024,0.19062416729183684,0.07239583333333334,0.0,0.5618176661089288,0.0,0.0,0
delay_2s,16,200,rate,36.15380352458767,0.584,0.001445028313949634,0.9590313029004834,0.25818256303228404,0.07175,0.018749342726806964,0.5618177436146544,0.0,0.0,0
delay_2s,16,200,combined,35.08757228476637,0.5836666666666667,0.001398009907967479,0.9535093243265911,0.2789742697763641,0.07147916666666666,0.032733420684037756,0.5618177221170818,0.0,0.0,0
delay_2s,17,200,sham,74.5009154721148,0.4156666666666667,0.004564321625639401,0.9204408615849065,0.201622664365625,0.0265,0.0,0.7348719865687972,0.0,0.0,0
delay_2s,17,200,rate,55.03715809775525,0.416,0.003525074363352121,0.9184997476017617,0.25121047301008687,0.020645833333333332,0.04177670716142784,0.7348730574521021,0.0,0.0,0
delay_2s,17,200,combined,51.48835665859962,0.416,0.0033788816470321976,0.9146623754753426,0.2619054548833887,0.024895833333333332,0.06875969383339386,0.734874268902691,0.0,0.0,0
delay_2s,18,200,sham,179.61588348683628,0.4156666666666667,0.003113888403229743,0.9543328078315977,0.1866952288303567,0.0035625,0.0,0.5619391089681958,0.0,0.0,0
delay_2s,18,200,rate,134.11261618506242,0.416,0.0024328753928770964,0.9535820117983081,0.22757682217604955,0.016041666666666666,0.031062789955311143,0.5619390920692625,0.0,0.0,0
delay_2s,18,200,combined,119.3555343731952,0.416,0.002213988013490623,0.9553988877483757,0.23933712151600842,0.018875,0.05191838721612938,0.5619390785844373,0.0,0.0,0
delay_2s,19,200,sham,121.46441680384903,0.5843333333333334,0.0017233179104715636,0.9685284939927603,0.18172749529621132,0.450625,0.0,0.3620904588057316,0.0,0.0,0
delay_2s,19,200,rate,97.67818448206845,0.584,0.0013993690198641265,0.9684539456190674,0.24328972370415797,0.31416666666666665,0.01760702786783079,0.3620904445396521,0.0,0.0,0
delay_2s,19,200,combined,117.3206499942415,0.5836666666666667,0.0015263544027148406,0.9630669614815793,0.25389203894391715,0.21325,0.031175371217816973,0.36168964831904604,0.0,0.0,0
delay_2s,20,200,sham,68.06024532151886,0.416,0.004273638599517641,0.9342771333972605,0.19874795177084587,0.0,0.0,0.8107779905307451,0.0,0.0,0
delay_2s,20,200,rate,48.84491976271101,0.416,0.003382710954310226,0.9244463125084829,0.24273294032813025,0.002875,0.0400428456300973,0.8107779163380149,0.0,0.0,0
delay_2s,20,200,combined,47.328673050542704,0.41633333333333333,0.003341673556546304,0.9265536181236915,0.25358850919465664,0.005354166666666667,0.062345791900904016,0.8097525160994001,0.0,0.0,0
delay_2s,21,200,sham,165.8698310854175,0.4156666666666667,0.002435712224896149,0.9561639277899766,0.20650408201433326,0.0,0.0,0.6739497196868435,0.0,0.0,0
delay_2s,21,200,rate,124.02505685617534,0.416,0.0019378236323758457,0.9524395005682421,0.25305411460369326,0.0007291666666666667,0.024657672936381148,0.6739497323389959,0.0,0.0,0
delay_2s,21,200,combined,115.58769767801499,0.416,0.0018551650409639594,0.9529407698362372,0.2635849096301262,0.002375,0.04783960634940017,0.6739497421282964,0.0,0.0,0
delay_2s,22,200,sham,14.771954473858836,0.416,0.0030585175320122573,0.9213911546482794,0.23314865273479463,0.0,0.0,0.8228108325395886,0.0,0.0,0
delay_2s,22,200,rate,11.344670545918481,0.416,0.0024831952240380595,0.9147678722041952,0.2872588547775902,0.0,0.028932773152941373,0.8228106747890143,0.0,0.0,0
delay_2s,22,200,combined,10.922885654627695,0.41633333333333333,0.002453682011509607,0.9135097717741679,0.2972692587003342,0.0,0.04886826422936532,0.822810448056338,0.0,0.0,0
delay_2s,23,200,sham,82.37040812216563,0.584,0.0022193820618669575,0.9689286487461689,0.1578124173647988,0.0728125,0.0,0.662007909677415,0.0,0.0,0
delay_2s,23,200,rate,64.4578021114478,0.5836666666666667,0.0018061095747781571,0.9639026998823174,0.20916533255617212,0.07216666666666667,0.023335049376469935,0.6636707166448886,0.0,0.0,0
delay_2s,23,200,combined,69.1302142925056,0.5836666666666667,0.0018648097405251983,0.9631477233500613,0.2124589391660666,0.0718125,0.03845633075660165,0.6677642140042933,0.0,0.0,0
delay_2s,0,300,sham,42.177351430451495,0.5093333333333333,0.003104057746474632,0.956071862439039,0.16673987880548885,0.040854166666666664,0.0,0.8596626020875958,0.0,0.0,0
delay_2s,0,300,rate,33.14206751894667,0.5096666666666667,0.002425420628282208,0.9571508335818435,0.21333954669104085,0.01,0.031239815824725695,0.8648102672838723,0.0,0.0,0
delay_2s,0,300,combined,33.490078182450475,0.5096666666666667,0.0024464564121500208,0.9550069187823067,0.24106778973271203,0.011583333333333333,0.04406282004891264,0.8596620989167664,0.0,0.0,0
delay_2s,1,300,sham,122.29708698855946,0.5093333333333333,0.0020277945318555287,0.9686841767211714,0.17133617210712943,0.06089583333333334,0.0,0.6413005230572695,0.0,0.0,0
delay_2s,1,300,rate,95.17255584111177,0.5096666666666667,0.001641430058437301,0.9680545786227417,0.21866372838751394,0.0586875,0.02125075271420231,0.6411124605801596,0.0,0.0,0
delay_2s,1,300,combined,92.6978177698859,0.5093333333333333,0.0015703465224644806,0.966941944350248,0.23667767317236277,0.07885416666666667,0.03554069605842208,0.6413004925384876,0.0,0.0,0
delay_2s,2,300,sham,130.38587468865651,0.5093333333333333,0.0033901501755529573,0.9657294968619426,0.1504011396412944,0.07070833333333333,0.0,0.74352633830295,0.0,0.0,0
delay_2s,2,300,rate,105.55334756150971,0.5096666666666667,0.002822875491664814,0.9643386161186347,0.19202079035901953,0.059583333333333335,0.03681205365574412,0.7468388372819027,0.0,0.0,0
delay_2s,2,300,combined,108.04058975373934,0.5096666666666667,0.002852886473026673,0.9596293896612952,0.21119518653186256,0.09275,0.054159861177151776,0.7435263737100941,0.0,0.0,0
delay_2s,3,300,sham,326.04792058896265,0.49166666666666664,0.004252575173548031,0.9456240929277945,0.1892072429672817,0.05925,0.0,0.5373136876248888,0.0,0.0,0
delay_2s,3,300,rate,218.69218282026455,0.491,0.00306451256715163,0.9484905947141542,0.2368254949328369,0.126875,0.03857926934201209,0.5373136698700482,0.0,0.0,0
delay_2s,3,300,combined,189.23204193216245,0.491,0.0027257746341143563,0.9503177728100016,0.24464484845441176,0.13925,0.06258383735243675,0.5373140649107607,0.0,0.0,0
delay_2s,4,300,sham,235.53918074269328,0.5093333333333333,0.003012118989860393,0.9635711918273956,0.15463021324813894,0.4351041666666667,0.0,0.5980923601262653,0.0,0.0,0
delay_2s,4,300,rate,183.89187006497255,0.5096666666666667,0.00243194565948458,0.9638225925227952,0.20119956878599857,0.39879166666666666,0.02987065732874378,0.596967577831357,0.0,0.0,0
delay_2s,4,300,combined,197.80154011827685,0.5096666666666667,0.0025564316331391328,0.9628797747117155,0.21515998474517753,0.2578125,0.04427978299515045,0.5978012284172465,0.0,0.0,0
delay_2s,5,300,sham,74.7100864566861,0.5093333333333333,0.0017673921489875083,0.9738741860659198,0.17660841537847732,0.03395833333333333,0.0,0.6824296113162213,0.0,0.0,0
delay_2s,5,300,rate,55.81609079122326,0.5096666666666667,0.0013837011263673183,0.9729128273497404,0.22192854854776015,0.010395833333333333,0.0183802152651312,0.6842204562646694,0.0,0.0,0
delay_2s,5,300,combined,56.33989334332149,0.5096666666666667,0.0013537678051940016,0.9728714399773871,0.2547129402967593,0.0110625,0.03289211602619135,0.6824296206828399,0.0,0.0,0
delay_2s,6,300,sham,18.71767107210312,0.507,0.004978761951195845,0.9014155687458468,0.1739071350684164,0.05714583333333333,0.0,0.756155303404189,0.0,0.0,0
delay_2s,6,300,rate,14.278704220987825,0.507,0.003851720554988249,0.8906928358858017,0.23734064989678014,0.056416666666666664,0.04794670197659129,0.7586446000480294,0.0,0.0,0
delay_2s,6,300,combined,13.753717584830493,0.5073333333333333,0.0036227208338935946,0.9001621420512058,0.2512044640476298,0.05625,0.07288123030577058,0.76286026250469,0.0,0.0,0
delay_2s,7,300,sham,261.8311032100447,0.5093333333333333,0.00271483239997711,0.9749944252231496,0.14939152758401136,0.41702083333333334,0.0,0.5077306842284535,0.0,0.0,0
delay_2s,7,300,rate,206.95415266845387,0.5096666666666667,0.0022171965857639597,0.9770720001678386,0.19077880763763225,0.13179166666666667,0.027645414018410898,0.5106424292460287,0.0,0.0,0
delay_2s,7,300,combined,205.87950086534138,0.5096666666666667,0.002206706663524884,0.9735001620380579,0.19958907566123463,0.13795833333333332,0.03822849043777451,0.5082183785460841,0.0,0.0,0
delay_2s,8,300,sham,14.461216993640289,0.49066666666666664,0.003021755785211568,0.9276253466918993,0.23640581269703312,0.0,0.0,0.8841303567116808,0.0,0.0,0
delay_2s,8,300,rate,10.99784505978769,0.48966666666666664,0.002446034706347843,0.9205538535148848,0.28705289655774635,0.0,0.02839799746709777,0.8841300176741312,0.0,0.0,0
delay_2s,8,300,combined,9.995370509556775,0.489,0.0022800307376628793,0.9185612049284733,0.2976350837940307,0.0,0.049583652252343326,0.8841296390833994,0.0,0.0,0
delay_2s,9,300,sham,85.44096283949331,0.5093333333333333,0.003019597226157618,0.9628122127069241,0.15831419997474178,0.06839583333333334,0.0,0.5576539582318373,0.0,0.0,0
delay_2s,9,300,rate,64.76854189470588,0.5096666666666667,0.002354181300123926,0.9575628546917737,0.21308882220721387,0.059604166666666666,0.029759991469478823,0.5586125935158748,0.0,0.0,0
delay_2s,9,300,combined,56.98410682908797,0.51,0.002089480170525998,0.954780675969965,0.21877080003900523,0.0885625,0.045552933132844774,0.5665946445462451,0.0,0.0,0
delay_2s,10,300,sham,103.44744545826063,0.49066666666666664,0.005992210393510218,0.9096112636359475,0.18962207470821735,0.058020833333333334,0.0,0.7620429275370211,0.0,0.0,0
delay_2s,10,300,rate,74.93302056104284,0.49066666666666664,0.00464895441245545,0.9118416259994183,0.22467612648644994,0.07702083333333333,0.05265150457171185,0.76204133821946,0.0,0.0,0
delay_2s,10,300,combined,67.53487386543375,0.49066666666666664,0.0043048672454373375,0.9071266777714917,0.23330839731614023,0.09839583333333334,0.08246294024836817,0.7597220760037194,0.0,0.0,0
delay_2s,11,300,sham,34.129758221632464,0.5073333333333333,0.004405076411982815,0.9409518196186719,0.15509070151190404,0.05645833333333333,0.0,0.9069127673931286,0.0,0.0,0
delay_2s,11,300,rate,26.306717145247962,0.5073333333333333,0.00343733885067916,0.9424280196909496,0.20129124457135436,0.05547916666666667,0.0450109771570554,0.9146593562582899,0.0,0.0,0
delay_2s,11,300,combined,25.36674544084902,0.5073333333333333,0.0032849684741809997,0.9391587958674791,0.2183351826509931,0.05522916666666667,0.06580089253608787,0.9159192036948548,0.0,0.0,0
delay_2s,12,300,sham,28.78899228131811,0.5093333333333333,0.0014053022949598447,0.9712392701956937,0.20649519190222615,0.026895833333333334,0.0,0.7779422099829262,0.0,0.0,0
delay_2s,12,300,rate,19.770094641071804,0.5096666666666667,0.001041253808714041,0.9729467667981709,0.266565157865936,0.007833333333333333,0.013939867258381575,0.7779422018275945,0.0,0.0,0
delay_2s,12,300,combined,20.469376612729583,0.5133333333333333,0.0009909239328836478,0.9670209620928875,0.3154866811606755,0.010604166666666666,0.029100934723605112,0.7779422059203911,0.0,0.0,0
delay_2s,13,300,sham,249.48399557936557,0.491,0.0024813900692889973,0.961329962190409,0.19398069010510172,0.004291666666666667,0.0,0.6923385562049846,0.0,0.0,0
delay_2s,13,300,rate,183.67822291062674,0.49066666666666664,0.0019336482197262572,0.962539915389264,0.23168726660695207,0.0133125,0.025264600870730094,0.692338546041135,0.0,0.0,0
delay_2s,13,300,combined,183.67822291062674,0.49066666666666664,0.0019336482197262572,0.962539915389264,0.23168726660695207,0.0133125,0.025264600870730094,0.692338546041135,0.0,0.0,0
delay_2s,14,300,sham,365.55920580055465,0.49166666666666664,0.001600724320478538,0.9602208873755209,0.25003130891553116,0.059833333333333336,0.0,0.5723663411104761,0.0,0.0,0
delay_2s,14,300,rate,233.11048605834992,0.491,0.0011697805147250252,0.9630394280339746,0.30257211863409306,0.11635416666666666,0.014941853826275452,0.5723663418446315,0.0,0.0,0
delay_2s,14,300,combined,233.11048605834992,0.491,0.0011697805147250252,0.9630394280339746,0.30257211863409306,0.11635416666666666,0.014941853826275452,0.5723663418446315,0.0,0.0,0
delay_2s,15,300,sham,142.49520304327783,0.49133333333333334,0.004016426739798983,0.9435214384850483,0.203971432299886,0.058145833333333334,0.0,0.5652902185630364,0.0,0.0,0
delay_2s,15,300,rate,101.08648352236021,0.491,0.0029721212907121977,0.9428190602336419,0.25387997632840265,0.07097916666666666,0.037336798540242605,0.5652902910513111,0.0,0.0,0
delay_2s,15,300,combined,88.21649155714329,0.49066666666666664,0.0026389387198941057,0.9403480743032945,0.2625086819376313,0.0870625,0.06126581385252955,0.5652903787952055,0.0,0.0,0
delay_2s,16,300,sham,48.37379999344664,0.5093333333333333,0.0016444226358976503,0.9642970702723168,0.19739321479715083,0.05616666666666666,0.0,0.6156250257308004,0.0,0.0,0
delay_2s,16,300,rate,36.22565637251777,0.5093333333333333,0.0012657578627390542,0.9648292126233697,0.2534067913239913,0.05570833333333333,0.016526265199634908,0.6158882807719346,0.0,0.0,0
delay_2s,16,300,combined,36.879276578977,0.5096666666666667,0.0012159607320720391,0.9610501708885406,0.2900898498110202,0.0555,0.03070719310415887,0.6156250705083232,0.0,0.0,0
delay_2s,17,300,sham,71.98775793003466,0.49066666666666664,0.004876994527770225,0.9246574001521757,0.1910720995356217,0.023625,0.0,0.7918488702237253,0.0,0.0,0
delay_2s,17,300,rate,54.066657058465886,0.49066666666666664,0.003790322927695257,0.9169509307674584,0.2311155909457463,0.017770833333333333,0.04456788259569631,0.7918503373198966,0.0,0.0,0
delay_2s,17,300,combined,48.55759943079867,0.49066666666666664,0.0034492115174648732,0.918365772747169,0.2372305644945848,0.017333333333333333,0.07457591681375234,0.7913979259369671,0.0,0.0,0
delay_2s,18,300,sham,176.81943035201814,0.491,0.0033749334715681193,0.9560588426430441,0.18021582638697797,0.00275,0.0,0.6817736668110256,0.0,0.0,0
delay_2s,18,300,rate,132.3561792962018,0.49066666666666664,0.0026356410344574558,0.9608223797639336,0.21485543606907412,0.013166666666666667,0.03439009101366124,0.6817736558049428,0.0,0.0,0
delay_2s,18,300,combined,121.94077443702892,0.49066666666666664,0.002443507418909372,0.959897426587809,0.21295853734893505,0.0146875,0.05511560473981068,0.6800046635674971,0.0,0.0,0
delay_2s,19,300,sham,125.0822927200071,0.5093333333333333,0.0016271842693760968,0.9712273162492362,0.18342780085971522,0.4339166666666667,0.0,0.4020995959879815,0.0,0.0,0
delay_2s,19,300,rate,96.19565596381487,0.5093333333333333,0.0012792969286169837,0.9699812771099798,0.2385052075638286,0.30545833333333333,0.016070369586509415,0.4017553444005976,0.0,0.0,0
delay_2s,19,300,combined,101.14908295783476,0.5096666666666667,0.001265715179486012,0.9680207349026715,0.26418049314883846,0.175375,0.030492890630658045,0.4020995991783161,0.0,0.0,0
delay_2s,20,300,sham,65.96275949782208,0.491,0.00455765809085566,0.9359988087862695,0.1887967415535167,0.0,0.0,0.9440875025074691,0.0,0.0,0
delay_2s,20,300,rate,48.23395616158387,0.49066666666666664,0.003618400068488737,0.9350452702186287,0.22530808737891636,0.002395833333333333,0.04299094021682104,0.9440878540901382,0.0,0.0,0
delay_2s,20,300,combined,45.119036721859324,0.49066666666666664,0.0034432790873350208,0.9325243636269267,0.23036452512070477,0.007166666666666667,0.06602871468853289,0.9421813913262732,0.0,0.0,0
delay_2s,21,300,sham,161.54961662139394,0.491,0.0026649860160052447,0.9552118805190425,0.19800381861679994,0.0,0.0,0.7703770195567246,0.0,0.0,0
delay_2s,21,300,rate,121.72142797664358,0.49066666666666664,0.00211872233552481,0.956006372613864,0.2367740698898736,0.0010625,0.02702325362304409,0.7703770116120158,0.0,0.0,0
delay_2s,21,300,combined,115.66545122067863,0.49066666666666664,0.0020261034969336514,0.954154191040485,0.23854312473680944,0.00325,0.0439497837358251,0.7703770007979845,0.0,0.0,0
delay_2s,22,300,sham,13.610851444974433,0.49066666666666664,0.003293705086239861,0.9301510041595155,0.2178753789910359,0.0,0.0,0.8495875641608411,0.0,0.0,0
delay_2s,22,300,rate,10.74296800335198,0.49033333333333334,0.0026676507609426966,0.9265877932778719,0.26226008964987374,0.0,0.03150462794077499,0.849587254700394,0.0,0.0,0
delay_2s,22,300,combined,10.20737292977058,0.49033333333333334,0.0025276058262957662,0.9225012022300999,0.26267498573727843,0.0,0.04803112714538482,0.8495869728863251,0.0,0.0,0
delay_2s,23,300,sham,85.51808861595414,0.5093333333333333,0.0020895959852011425,0.9752087460616484,0.1640490696268104,0.05645833333333333,0.0,0.623380018227773,0.0,0.0,0
delay_2s,23,300,rate,64.9240982592264,0.5096666666666667,0.0016549423370278624,0.9753776737798188,0.20710037578518892,0.0559375,0.021413452991083916,0.6262132722960517,0.0,0.0,0
delay_2s,23,300,combined,65.76480268228933,0.5096666666666667,0.001649429327779038,0.9735216691329168,0.23580879386320863,0.05583333333333333,0.03552711202108161,0.6233800860437524,0.0,0.0,0
sensor_noise,0,100,sham,43.29959274309368,0.421,0.0028519221851060765,0.9892615177428293,0.6305579330649823,0.042125,0.0,0.8615112716558987,0.0,0.0,0
sensor_noise,0,100,rate,33.391224969555985,0.42133333333333334,0.002131324792429721,0.9889117185493165,0.7076825399601995,0.005208333333333333,0.02784951369189513,0.8615112050990907,0.0,0.0,0
sensor_noise,0,100,combined,34.03007393457835,0.42133333333333334,0.002128316369564676,0.9891511263854322,0.7022831319600887,0.0009583333333333333,0.04242889624295878,0.8615113335654944,0.0,0.0,0
sensor_noise,1,100,sham,123.75723586132607,0.421,0.0017837130865078561,0.988476895540915,0.7237285782124312,0.06179166666666667,0.0,0.5429660383346017,0.0,0.0,0
sensor_noise,1,100,rate,92.0514171075023,0.42133333333333334,0.0013990729678890184,0.98872561974891,0.7801581515192475,0.062875,0.018378204702560918,0.5429660381184697,0.0,0.0,0
sensor_noise,1,100,combined,107.02054480896791,0.4216666666666667,0.001488394578335741,0.9887404275067581,0.7647762446761688,0.059125,0.032740362990958984,0.5429660386273764,0.0,0.0,0
sensor_noise,2,100,sham,131.93431620700676,0.421,0.003097989078225589,0.9887462548858291,0.6033007603907109,0.07064583333333334,0.0,0.6120438719833285,0.0,0.0,0
sensor_noise,2,100,rate,100.59893782908506,0.42133333333333334,0.002459041113365724,0.9885271649953311,0.6709236021224437,0.0683125,0.03253455377180049,0.6120438537640622,0.0,0.0,0
sensor_noise,2,100,combined,110.22689637502428,0.4216666666666667,0.0025608063124635183,0.9887983704834167,0.6570771075252871,0.05997916666666667,0.049866957481854074,0.612043873210891,0.0,0.0,0
sensor_noise,3,100,sham,327.8346470671569,0.5796666666666667,0.004381153362184284,0.9891965520956653,0.5575145880384392,0.07845833333333334,0.0,0.5420022192028371,0.0,0.0,0
sensor_noise,3,100,rate,183.00046363489076,0.5793333333333334,0.0027164354276816684,0.9892886412823465,0.6581790902814788,0.099375,0.03802788698082664,0.5469103036334553,0.0,0.0,0
sensor_noise,3,100,combined,217.82876834125653,0.5796666666666667,0.0030801778756064505,0.9894811597196623,0.6462350547822439,0.08879166666666667,0.034932145165384156,0.5517850409678771,0.0,0.0,0
sensor_noise,4,100,sham,237.86598732857027,0.421,0.002637275723450391,0.9883545337277988,0.6364460959990621,0.43485416666666665,0.0,0.5272444597568905,0.0,0.0,0
sensor_noise,4,100,rate,171.50774899054835,0.42133333333333334,0.0020112497496033647,0.988430599365564,0.7071174868050941,0.39235416666666667,0.026044316144405923,0.5272444662222016,0.0,0.0,0
sensor_noise,4,100,combined,203.89439624358062,0.4216666666666667,0.0022396880470531354,0.9884801934716928,0.6854530791472193,0.23710416666666667,0.03986965579695809,0.5272444583078171,0.0,0.0,0
sensor_noise,5,100,sham,75.56936293482823,0.421,0.001587423396741889,0.9894774083553725,0.7464732709047149,0.034770833333333334,0.0,0.7418443887578097,0.0,0.0,0
sensor_noise,5,100,rate,56.03116595985535,0.42133333333333334,0.0012099543626880793,0.9893134030764806,0.8014460402283253,0.006416666666666667,0.01614954807160883,0.7418443916990738,0.0,0.0,0
sensor_noise,5,100,combined,58.552461259287576,0.42133333333333334,0.0012225996629330192,0.9892883545887954,0.794472770769995,0.0017083333333333334,0.028055189393856816,0.7418443900937101,0.0,0.0,0
sensor_noise,6,100,sham,19.58528703882557,0.421,0.004608048160378266,0.9879625651636176,0.5418356540937646,0.058708333333333335,0.0,0.8487846993946931,0.0,0.0,0
sensor_noise,6,100,rate,14.683422873916482,0.42133333333333334,0.003445283296990606,0.9887198508966492,0.6325095733690662,0.058208333333333334,0.040987593973625135,0.8487826430800803,0.0,0.0,0
sensor_noise,6,100,combined,15.348690394799647,0.42133333333333334,0.0034167019545816874,0.9886277986634779,0.6304295031672096,0.057979166666666665,0.05709144488849019,0.8487851140992612,0.0,0.0,0
sensor_noise,7,100,sham,262.81071751426214,0.421,0.0024172892077692085,0.9886366589047623,0.6502371989411432,0.4126875,0.0,0.561219985706499,0.0,0.0,0
sensor_noise,7,100,rate,193.4185394410002,0.42133333333333334,0.0018630603436844708,0.9886028192127551,0.7156014046837333,0.11872916666666666,0.024819388334146944,0.5612199839952692,0.0,0.0,0
sensor_noise,7,100,combined,222.43212320534283,0.4216666666666667,0.0020441711446267316,0.9886028192127551,0.6956526205296851,0.09616666666666666,0.03277137166923975,0.5615030292190277,0.0,0.0,0
sensor_noise,8,100,sham,13.727569524891956,0.579,0.0032536967043852697,0.988877025078457,0.6096337374294494,6.25e-05,0.0,0.9011319250031417,0.0,0.0,0
sensor_noise,8,100,rate,8.466478413350425,0.579,0.0022738100438814495,0.9888279932519742,0.6967237316251874,0.0002708333333333333,0.02886635361004907,0.9045115737909198,0.0,0.0,0
sensor_noise,8,100,combined,9.434519568353208,0.579,0.00235376320819014,0.989150836201542,0.6999104650627322,0.00014583333333333335,0.028730052376907077,0.9087333023531857,0.0,0.0,0
sensor_noise,9,100,sham,86.63690107975506,0.421,0.002684129392271392,0.9887066492349593,0.6357200394926869,0.06958333333333333,0.0,0.5657154987224636,0.0,0.0,0
sensor_noise,9,100,rate,61.80651828333225,0.4216666666666667,0.001988110894106206,0.9882397981771829,0.7179163281557256,0.0679375,0.025839387258097327,0.5657154403087116,0.0,0.0,0
sensor_noise,9,100,combined,69.0770414492685,0.4216666666666667,0.002101177782287237,0.9884215136612432,0.7022382648938532,0.05979166666666667,0.038072545226678745,0.5654433507830643,0.0,0.0,0
sensor_noise,10,100,sham,101.39317307165773,0.5776666666666667,0.006257130793549646,0.9900684747827195,0.47251428178195637,0.07658333333333334,0.0,0.774730730973706,0.0,0.0,0
sensor_noise,10,100,rate,60.54768019283934,0.5783333333333334,0.004276405108236088,0.9900979477851247,0.562849735925945,0.07954166666666666,0.05665623334529088,0.7893821447663477,0.0,0.0,0
sensor_noise,10,100,combined,65.5904558425589,0.5786666666666667,0.0044890457739776984,0.9902782348014973,0.5636769783445965,0.0764375,0.05126221235579496,0.7869605642273996,0.0,0.0,0
sensor_noise,11,100,sham,35.49399680127801,0.422,0.004135589729367039,0.9878432188372013,0.5527447888565918,0.0583125,0.0,0.8448111889678188,0.0,0.0,0
sensor_noise,11,100,rate,26.742543855396875,0.422,0.003091282587763183,0.9888083778885811,0.6369489700983422,0.0575,0.039914067428707956,0.8448103615979613,0.0,0.0,0
sensor_noise,11,100,combined,26.852238988877193,0.422,0.00301853933322192,0.9886155923671801,0.6341582378436899,0.05639583333333333,0.05781754807176592,0.8448115336461806,0.0,0.0,0
sensor_noise,12,100,sham,29.690141705483743,0.421,0.0012765265536933941,0.9893209175808656,0.8036836598006868,0.027208333333333334,0.0,0.698413671318504,0.0,0.0,0
sensor_noise,12,100,rate,21.209392258454876,0.4216666666666667,0.0009387624020315532,0.9896852043601859,0.8518970014965412,0.0037708333333333335,0.012361260714232773,0.6984136024419347,0.0,0.0,0
sensor_noise,12,100,combined,22.017055035986075,0.4216666666666667,0.000883163478111175,0.9895493298251131,0.8489520408586244,0.0009375,0.02564262353151109,0.6984133710759128,0.0,0.0,0
sensor_noise,13,100,sham,248.31372544559144,0.5793333333333334,0.0025839940575400427,0.988822546675325,0.6476898929215409,0.011333333333333334,0.0,0.6469152121247361,0.0,0.0,0
sensor_noise,13,100,rate,155.83084321496835,0.5793333333333334,0.0017772007547731275,0.9888904645097258,0.7217644421171868,0.008145833333333333,0.02611882515354094,0.6479708203701768,0.0,0.0,0
sensor_noise,13,100,combined,155.83084321496835,0.5793333333333334,0.0017772007547731275,0.9888904645097258,0.7217644421171868,0.008145833333333333,0.02611882515354094,0.6479708203701768,0.0,0.0,0
sensor_noise,14,100,sham,370.271630306685,0.58,0.0016642824577079644,0.9892273712761351,0.7531915373478201,0.07885416666666667,0.0,0.552357256002178,0.0,0.0,0
sensor_noise,14,100,rate,182.12806987847944,0.5796666666666667,0.000987851227482601,0.9892094446365062,0.8243973117931898,0.09185416666666667,0.015028104636113792,0.5523572606172582,0.0,0.0,0
sensor_noise,14,100,combined,182.12806987847944,0.5796666666666667,0.000987851227482601,0.9892094446365062,0.8243973117931898,0.09185416666666667,0.015028104636113792,0.5523572606172582,0.0,0.0,0
sensor_noise,15,100,sham,141.68900270674646,0.5796666666666667,0.004183565478223489,0.9892800169912376,0.5667029704062846,0.0768125,0.0,0.6004342955684313,0.0,0.0,0
sensor_noise,15,100,rate,84.88816580121416,0.5793333333333334,0.0026775892557223753,0.9889832235774942,0.6653948507024849,0.0766875,0.03662548772092062,0.6046282590948316,0.0,0.0,0
sensor_noise,15,100,combined,97.04097371888116,0.5793333333333334,0.0029738231333653847,0.9891477408920457,0.659139963122169,0.0761875,0.03308859801578578,0.618502256589372,0.0,0.0,0
sensor_noise,16,100,sham,48.979373593394236,0.421,0.0014478013173254815,0.9888635291787983,0.7719325527280977,0.057979166666666665,0.0,0.6491885380176065,0.0,0.0,0
sensor_noise,16,100,rate,36.885108365056404,0.4216666666666667,0.0011017679098831849,0.9891854789900935,0.8249673431268045,0.057625,0.014163066761860103,0.6491885395263937,0.0,0.0,0
sensor_noise,16,100,combined,39.921503654234876,0.4216666666666667,0.0011173169614710466,0.989063614985976,0.8175837527162055,0.057229166666666664,0.026684133346231334,0.6491885652031368,0.0,0.0,0
sensor_noise,17,100,sham,70.78180674922267,0.579,0.005102903251314058,0.9889380439502387,0.5110679551050381,0.035916666666666666,0.0,0.8471611155841718,0.0,0.0,0
sensor_noise,17,100,rate,45.126278227563745,0.579,0.0034832134829420164,0.989029288521725,0.6036675104684891,0.018229166666666668,0.04645070747527432,0.8538594112046359,0.0,0.0,0
sensor_noise,17,100,combined,48.54540965563701,0.579,0.0036491603000926454,0.9889858153157205,0.6059465448186394,0.0110625,0.042218806946595036,0.8602725850535521,0.0,0.0,0
sensor_noise,18,100,sham,175.08511176881458,0.5793333333333334,0.0034951139076763206,0.9894246144626017,0.5846735615948485,0.007479166666666667,0.0,0.6874495019485105,0.0,0.0,0
sensor_noise,18,100,rate,113.72622187385561,0.579,0.0024404468931001526,0.9892777619273221,0.6622186448328506,0.008208333333333333,0.035013153802797486,0.6893127277979054,0.0,0.0,0
sensor_noise,18,100,combined,125.28850498455695,0.5793333333333334,0.0026269173732339393,0.9891144032449856,0.657148638240168,0.0080625,0.03403335864600882,0.6874495109859201,0.0,0.0,0
sensor_noise,19,100,sham,122.5280211828342,0.4206666666666667,0.001367254801666665,0.9881448094704441,0.7720552700409741,0.4336041666666667,0.0,0.4331836250444156,0.0,0.0,0
sensor_noise,19,100,rate,89.56449227015494,0.42133333333333334,0.0010554016361297668,0.9884567274244799,0.822097226955135,0.3006875,0.01330078784947589,0.43318362489410034,0.0,0.0,0
sensor_noise,19,100,combined,117.35833472997619,0.422,0.00122444658319436,0.988358402529121,0.7995638238194119,0.1419375,0.024578152765804988,0.43318362476519245,0.0,0.0,0
sensor_noise,20,100,sham,63.869844498775706,0.579,0.004778995526195793,0.9896688530448947,0.5201463082470538,0.0012291666666666666,0.0,0.9016518133589938,0.0,0.0,0
sensor_noise,20,100,rate,38.40885815592149,0.579,0.003367281853540779,0.9890641935765156,0.6051421912529984,0.0028125,0.04509139986363447,0.9083400089286547,0.0,0.0,0
sensor_noise,20,100,combined,42.04283101640179,0.579,0.00351172616214742,0.9887243325431303,0.6058739644390561,0.0018541666666666667,0.0419568000770091,0.8955933653715671,0.0,0.0,0
sensor_noise,21,100,sham,159.57639391600796,0.5793333333333334,0.002800324461265645,0.9891785811587213,0.6286502827147893,0.0010833333333333333,0.0,0.745025965172019,0.0,0.0,0
sensor_noise,21,100,rate,102.21580741242168,0.579,0.001971766740780682,0.9895723211970843,0.7040099186459742,0.0018333333333333333,0.028018972792303327,0.7474088916249023,0.0,0.0,0
sensor_noise,21,100,combined,112.48252160947573,0.579,0.0020922183618704575,0.9893806186887303,0.7034855735607033,0.0013125,0.028389244873432525,0.7460390144947683,0.0,0.0,0
sensor_noise,22,100,sham,12.760775713795377,0.579,0.003509293971440821,0.989609989022637,0.588909396152155,0.0,0.0,0.9043908439766826,0.0,0.0,0
sensor_noise,22,100,rate,8.510620849285107,0.579,0.0024900758566534526,0.9890670361192794,0.6722916574635442,0.0,0.0324775492634504,0.9067404681546098,0.0,0.0,0
sensor_noise,22,100,combined,9.18184823168205,0.579,0.0025803361176433316,0.9889029263372748,0.6746006389503915,0.0,0.03153241542527195,0.9083820630016535,0.0,0.0,0
sensor_noise,23,100,sham,86.81834904777327,0.421,0.0018668197458721807,0.9891353535563627,0.7089425240095877,0.05825,0.0,0.6903040343662037,0.0,0.0,0
sensor_noise,23,100,rate,64.1545426476071,0.42133333333333334,0.0014237173506105698,0.9892138070539243,0.7702405889016769,0.0578125,0.019000155329359565,0.6903040304044561,0.0,0.0,0
sensor_noise,23,100,combined,68.73774288027579,0.4216666666666667,0.0014847735105743508,0.9892230557088909,0.7601176093773128,0.057354166666666664,0.030728947114210106,0.6903040298012288,0.0,0.0,0
sensor_noise,0,200,sham,40.56475066702521,0.584,0.003292842419828237,0.9870174780564384,0.5748513079506291,0.0528125,0.0,0.7379146308474208,0.0,0.0,0
sensor_noise,0,200,rate,29.976485221668,0.5836666666666667,0.0024222886807998734,0.987191697023884,0.661115764062247,0.008125,0.034852076952081,0.7379142639167867,0.0,0.0,0
sensor_noise,0,200,combined,30.39888208023348,0.5836666666666667,0.0024375906129222016,0.9876809603801416,0.6573489426409366,0.0025208333333333333,0.05095535430284123,0.7379144712520758,0.0,0.0,0
sensor_noise,1,200,sham,118.65467653116855,0.584,0.0021489794866836466,0.9868174010620585,0.6582447650338065,0.0785625,0.0,0.44622286949815904,0.0,0.0,0
sensor_noise,1,200,rate,82.2734788815345,0.5836666666666667,0.0016168722624846457,0.9873944720436526,0.7304777186136477,0.07472916666666667,0.02410796398198612,0.446222809707857,0.0,0.0,0
sensor_noise,1,200,combined,93.24987082485025,0.5833333333333334,0.0017034775273338312,0.9871691331406505,0.7180133654851458,0.07414583333333333,0.03846111100012834,0.44622284016430774,0.0,0.0,0
sensor_noise,2,200,sham,125.89904706205147,0.584,0.003526670291460075,0.9866784843822857,0.5515017308605191,0.08897916666666666,0.0,0.5394612937165321,0.0,0.0,0
sensor_noise,2,200,rate,91.86129969970587,0.5836666666666667,0.002726240287867416,0.9870433145559137,0.6267490123267156,0.07497916666666667,0.03993869079652541,0.53958773780088,0.0,0.0,0
sensor_noise,2,200,combined,98.74862697613243,0.5836666666666667,0.0028065660299534585,0.9866318607692732,0.6166040635751618,0.0744375,0.05921828706512078,0.5394613335651284,0.0,0.0,0
sensor_noise,3,200,sham,332.1238728835883,0.41533333333333333,0.0038439051588054856,0.9878456337944593,0.6107054517766135,0.05445833333333333,0.0,0.49574347629123305,0.0,0.0,0
sensor_noise,3,200,rate,200.2388013765836,0.4156666666666667,0.0025233472333820364,0.9871310168677866,0.7103237337300105,0.06495833333333334,0.03134888889910856,0.49574344572877993,0.0,0.0,0
sensor_noise,3,200,combined,238.10781873754226,0.41533333333333333,0.002894200062128772,0.9875139207979984,0.695741787327598,0.05629166666666666,0.026574389437326523,0.4957434418466082,0.0,0.0,0
sensor_noise,4,200,sham,230.24063962523388,0.584,0.003131621118047604,0.9863637811905972,0.5777948416412231,0.45145833333333335,0.0,0.46591243425592205,0.0,0.0,0
sensor_noise,4,200,rate,157.38406543112617,0.5836666666666667,0.0023030791704894047,0.9867052862902975,0.6589507827683337,0.39147916666666666,0.032782139651770764,0.4647883219548325,0.0,0.0,0
sensor_noise,4,200,combined,185.86968717104676,0.5836666666666667,0.0025532395139676906,0.9865173563449415,0.6402675256380856,0.226,0.04741682438934403,0.46591246047322626,0.0,0.0,0
sensor_noise,5,200,sham,71.39831820921722,0.584,0.0019047053817102598,0.9865473952818303,0.6838109303373888,0.042208333333333334,0.0,0.6871779875946341,0.0,0.0,0
sensor_noise,5,200,rate,49.208388702402296,0.5836666666666667,0.0014128143214669577,0.9869987243507469,0.7538982360449891,0.0108125,0.021478883515359502,0.687177973886287,0.0,0.0,0
sensor_noise,5,200,combined,49.66289510310363,0.5836666666666667,0.0013971755337281546,0.987106462625011,0.751360802054792,0.0027291666666666666,0.03447125306356754,0.6871779839721398,0.0,0.0,0
sensor_noise,6,200,sham,17.426147667744857,0.584,0.005249820799054073,0.9877930231537728,0.4902057900087166,0.0735,0.0,0.7110749247811508,0.0,0.0,0
sensor_noise,6,200,rate,12.398116789346638,0.5836666666666667,0.0038269312994276676,0.9871923160914544,0.5922652541732149,0.07258333333333333,0.051633550079093274,0.7113967763085267,0.0,0.0,0
sensor_noise,6,200,combined,12.902115247034335,0.584,0.003830380651356473,0.9885854651920738,0.5918931852939182,0.07227083333333334,0.06995479042408323,0.7110655632330685,0.0,0.0,0
sensor_noise,7,200,sham,255.4123071961792,0.584,0.0028149910661170435,0.98705135219006,0.5952873121564961,0.431875,0.0,0.5321850504606974,0.0,0.0,0
sensor_noise,7,200,rate,179.61992196934452,0.5836666666666667,0.0021075421587158773,0.9873111502454951,0.6698695640619616,0.1136875,0.030869818201948968,0.5321895072604849,0.0,0.0,0
sensor_noise,7,200,combined,191.39482893209333,0.5836666666666667,0.002149723854917335,0.9869683933672976,0.6634062771442713,0.10858333333333334,0.04817241025746566,0.5368715727508018,0.0,0.0,0
sensor_noise,8,200,sham,15.400740020913753,0.416,0.002784288307671261,0.9873797457810599,0.6753918295845445,0.0,0.0,0.8284351449109268,0.0,0.0,0
sensor_noise,8,200,rate,10.337610317691421,0.416,0.0020712917648905687,0.9868332285155677,0.7553668972972823,0.0,0.022115354425265583,0.8284338054404933,0.0,0.0,0
sensor_noise,8,200,combined,11.276329065055917,0.41133333333333333,0.0021687003988863558,0.9872214620631374,0.7589424748930269,0.0,0.023663941056474992,0.8249186794856178,0.0,0.0,0
sensor_noise,9,200,sham,82.56153922047692,0.5843333333333334,0.003179218816740481,0.9867579850784354,0.5756636076941986,0.08560416666666666,0.0,0.5100435116910057,0.0,0.0,0
sensor_noise,9,200,rate,55.606519761286926,0.5836666666666667,0.002286050318998454,0.9864642768266866,0.6699105704579694,0.0753125,0.032215895443325565,0.5100433356668235,0.0,0.0,0
sensor_noise,9,200,combined,59.56435097831698,0.5836666666666667,0.0023127086229377436,0.985832564095062,0.6629533739447627,0.0741875,0.04861516330574783,0.5115922099574656,0.0,0.0,0
sensor_noise,10,200,sham,106.85351967330446,0.41533333333333333,0.005622069620547807,0.9871567936376716,0.5211184243734188,0.05304166666666667,0.0,0.6226503018449513,0.0,0.0,0
sensor_noise,10,200,rate,68.91499556789194,0.4156666666666667,0.003987982624715088,0.98723591006707,0.615653598488769,0.05377083333333333,0.0456324279665279,0.6198193179419875,0.0,0.0,0
sensor_noise,10,200,combined,73.78269569710969,0.416,0.004208335269074767,0.9871848239631259,0.6171662330676528,0.05266666666666667,0.04256854723065256,0.6142242470680787,0.0,0.0,0
sensor_noise,11,200,sham,32.29698009899604,0.5853333333333334,0.004619018427027293,0.9886982380859983,0.5067615614824088,0.0729375,0.0,0.7287535195799153,0.0,0.0,0
sensor_noise,11,200,rate,23.169542540748544,0.585,0.0033942675995026553,0.9881899192192448,0.5970580678839206,0.07179166666666667,0.048559987072334755,0.7287675442011933,0.0,0.0,0
sensor_noise,11,200,combined,23.138399845834773,0.5853333333333334,0.0033482871522227445,0.988742872009271,0.594986012877672,0.06983333333333333,0.06788790640909446,0.728755259519579,0.0,0.0,0
sensor_noise,12,200,sham,27.150530319263297,0.584,0.001551716321782769,0.9867131239678003,0.7390172034030392,0.03370833333333333,0.0,0.6090430142544897,0.0,0.0,0
sensor_noise,12,200,rate,17.302445568162057,0.5836666666666667,0.0011156918124823336,0.9866720887270232,0.8081155652347722,0.007604166666666667,0.01662439158961052,0.6090429221991709,0.0,0.0,0
sensor_noise,12,200,combined,17.330962652408754,0.5833333333333334,0.0010479530504282455,0.9864931076204484,0.80899653808034,0.0013125,0.030069886025474935,0.6090430329753878,0.0,0.0,0
sensor_noise,13,200,sham,254.67198748562132,0.4156666666666667,0.002250660672207964,0.9865313439344615,0.7032603673794203,0.006166666666666667,0.0,0.6049683472702957,0.0,0.0,0
sensor_noise,13,200,rate,173.55988080185716,0.4156666666666667,0.001647964303954676,0.9865208749763814,0.7688951913351555,0.005479166666666667,0.02009160458821248,0.6049683258544145,0.0,0.0,0
sensor_noise,13,200,combined,173.55988080185716,0.4156666666666667,0.001647964303954676,0.9865208749763814,0.7688951913351555,0.005479166666666667,0.02009160458821248,0.6049683258544145,0.0,0.0,0
sensor_noise,14,200,sham,373.80039693727684,0.415,0.0013516049367565787,0.9865563436149574,0.8123528604358882,0.0555,0.0,0.5317367099091709,0.0,0.0,0
sensor_noise,14,200,rate,217.51632239685952,0.41533333333333333,0.0009420718647174676,0.9865715311601114,0.8628386621417264,0.057979166666666665,0.010679745908249947,0.5317367201648787,0.0,0.0,0
sensor_noise,14,200,combined,217.51632239685952,0.41533333333333333,0.0009420718647174676,0.9865715311601114,0.8628386621417264,0.057979166666666665,0.010679745908249947,0.5317367201648787,0.0,0.0,0
sensor_noise,15,200,sham,144.98976845741927,0.41533333333333333,0.003628398533037434,0.9873275577792869,0.6254213707961142,0.05322916666666667,0.0,0.576661663124701,0.0,0.0,0
sensor_noise,15,200,rate,92.71743660642962,0.4156666666666667,0.002444284647955208,0.9867113971060292,0.7223086049859531,0.05308333333333334,0.02968745792013753,0.5766618582590612,0.0,0.0,0
sensor_noise,15,200,combined,105.31674649771452,0.4156666666666667,0.0027454635188227453,0.9872593296387817,0.7159365984659433,0.052875,0.02681028253353284,0.578829887073648,0.0,0.0,0
sensor_noise,16,200,sham,46.451222361879985,0.584,0.0017940841748675495,0.986739818150943,0.7028477372621824,0.07239583333333334,0.0,0.5618176661089288,0.0,0.0,0
sensor_noise,16,200,rate,32.32794073038732,0.5836666666666667,0.0013196288432115854,0.986570012408739,0.7757412335433661,0.07172916666666666,0.019113360842598036,0.5618177210292995,0.0,0.0,0
sensor_noise,16,200,combined,33.90393359163822,0.5836666666666667,0.0013236191428547643,0.9863111107351905,0.7713055586118152,0.07129166666666667,0.03226317438738338,0.5618176755331945,0.0,0.0,0
sensor_noise,17,200,sham,74.5009154721148,0.4156666666666667,0.004564321625639401,0.9869979334913924,0.562557882706142,0.0265,0.0,0.7348719865687972,0.0,0.0,0
sensor_noise,17,200,rate,50.593776669522455,0.416,0.0032538867587352306,0.9872771341214194,0.6569702693900499,0.0136875,0.037344545652030645,0.7346521393863004,0.0,0.0,0
sensor_noise,17,200,combined,54.24188039403614,0.416,0.0034432911707937873,0.9880252601410427,0.6583006629366533,0.009208333333333334,0.033727722034992455,0.7270656909859561,0.0,0.0,0
sensor_noise,18,200,sham,179.61588348683628,0.4156666666666667,0.003113888403229743,0.9869996532242081,0.6363142310390779,0.0035625,0.0,0.5619391089681958,0.0,0.0,0
sensor_noise,18,200,rate,124.51734082005142,0.416,0.002276901643364792,0.9868341168748915,0.7096530609019023,0.0066458333333333335,0.027916606490147614,0.5619390800236674,0.0,0.0,0
sensor_noise,18,200,combined,141.92105418647694,0.4156666666666667,0.0025372219050235727,0.9866909965225349,0.697619256474745,0.0032708333333333335,0.021547878486181275,0.5619390999263374,0.0,0.0,0
sensor_noise,19,200,sham,121.46441680384903,0.5843333333333334,0.0017233179104715636,0.9872446319555365,0.7035351656045206,0.450625,0.0,0.3620904588057316,0.0,0.0,0
sensor_noise,19,200,rate,81.47053306273186,0.584,0.001245233195845568,0.9876772245290018,0.7744868745905549,0.27729166666666666,0.017861467714977833,0.36209044784918676,0.0,0.0,0
sensor_noise,19,200,combined,102.77066131475894,0.5833333333333334,0.0013994207667442694,0.9874795182973082,0.7562526145574313,0.1463125,0.030352919078922264,0.36056656533688963,0.0,0.0,0
sensor_noise,20,200,sham,68.06024532151886,0.416,0.004273638599517641,0.9871888238364979,0.5719551788945603,0.0,0.0,0.8107779905307451,0.0,0.0,0
sensor_noise,20,200,rate,44.03070418410893,0.416,0.0031276722040766507,0.9876151734565206,0.6567472824343751,0.0009166666666666666,0.036349235044350024,0.8097495020477639,0.0,0.0,0
sensor_noise,20,200,combined,47.64350533081591,0.416,0.0032806057874446553,0.9873460325944615,0.6578423487635454,0.0002708333333333333,0.03498195528351522,0.802108704949998,0.0,0.0,0
sensor_noise,21,200,sham,165.8698310854175,0.4156666666666667,0.002435712224896149,0.9866058103473487,0.6857604268315617,0.0,0.0,0.6739497196868435,0.0,0.0,0
sensor_noise,21,200,rate,114.46774414330552,0.416,0.0018051268288928337,0.9863478033022243,0.7540128753494797,0.0,0.021731066493262598,0.673949746437984,0.0,0.0,0
sensor_noise,21,200,combined,130.30557579172387,0.416,0.001991884288703672,0.9863205975680356,0.7458128545191295,0.0,0.018937156774492623,0.6739497427614233,0.0,0.0,0
sensor_noise,22,200,sham,14.771954473858836,0.416,0.0030585175320122573,0.9868353255493676,0.6505763972187759,0.0,0.0,0.8228108325395886,0.0,0.0,0
sensor_noise,22,200,rate,10.580369333644795,0.416,0.002283872155068686,0.9877218364283654,0.7289198516921502,0.0,0.025381396599717304,0.8228104411167138,0.0,0.0,0
sensor_noise,22,200,combined,11.22545125746337,0.416,0.0023903554938570016,0.9880018411407162,0.7315488854311972,0.0,0.026075807416187775,0.8198744129310122,0.0,0.0,0
sensor_noise,23,200,sham,82.37040812216563,0.584,0.0022193820618669575,0.9865001413490809,0.6480993448673028,0.0728125,0.0,0.662007909677415,0.0,0.0,0
sensor_noise,23,200,rate,57.03260675970581,0.5836666666666667,0.0016440167280278946,0.9870915409784388,0.7226561540526553,0.07210416666666666,0.024679733147020197,0.662007962372319,0.0,0.0,0
sensor_noise,23,200,combined,58.97974246157232,0.5836666666666667,0.0016662916515266888,0.9868919602636546,0.7176116065286432,0.0715,0.03790931831125814,0.6620079464770503,0.0,0.0,0
sensor_noise,0,300,sham,42.177351430451495,0.5093333333333333,0.003104057746474632,0.988870766752697,0.593422370112415,0.040854166666666664,0.0,0.8596626020875958,0.0,0.0,0
sensor_noise,0,300,rate,30.824667378371426,0.5096666666666667,0.002289781411491492,0.9891914910142884,0.6815099716682926,0.006354166666666667,0.030650615862121797,0.8596622653071921,0.0,0.0,0
sensor_noise,0,300,combined,31.120689462041764,0.5096666666666667,0.0023094567848979076,0.9891017289632309,0.677154762443414,0.00125,0.04456995706539562,0.859662574408267,0.0,0.0,0
sensor_noise,1,300,sham,122.29708698855946,0.5093333333333333,0.0020277945318555287,0.9890313047605808,0.676439363039213,0.06089583333333334,0.0,0.6413005230572695,0.0,0.0,0
sensor_noise,1,300,rate,83.65247241132171,0.5096666666666667,0.0015566928233902504,0.9887194796713662,0.7479657161331054,0.058291666666666665,0.02078329890014453,0.6413005074204193,0.0,0.0,0
sensor_noise,1,300,combined,96.50011235195495,0.5096666666666667,0.0016780436360432844,0.9886300105747122,0.7332801547363026,0.057895833333333334,0.034068436775668516,0.6413005288972705,0.0,0.0,0
sensor_noise,2,300,sham,130.38587468865651,0.5093333333333333,0.0033901501755529573,0.9888674186166942,0.5656578718742751,0.07070833333333333,0.0,0.74352633830295,0.0,0.0,0
sensor_noise,2,300,rate,93.84037882922438,0.5096666666666667,0.0026337164191576777,0.9892713915161366,0.6433627633136818,0.0585625,0.03579047965546258,0.743526366392252,0.0,0.0,0
sensor_noise,2,300,combined,102.18520372638044,0.5096666666666667,0.0027546098944230065,0.9890488786208761,0.6311083192622242,0.058125,0.0528802886659567,0.7435263444457779,0.0,0.0,0
sensor_noise,3,300,sham,326.04792058896265,0.49166666666666664,0.004252575173548031,0.9886551510729951,0.5802265381697681,0.05925,0.0,0.5373136876248888,0.0,0.0,0
sensor_noise,3,300,rate,193.9820621425145,0.491,0.0027246260638325776,0.9889434332966803,0.6768107007841716,0.08235416666666667,0.03654132849350418,0.5378023321359782,0.0,0.0,0
sensor_noise,3,300,combined,229.69979122788862,0.49133333333333334,0.00311228341015003,0.9888653321787226,0.6636333747409833,0.07085416666666666,0.03234261251764974,0.5513627280939601,0.0,0.0,0
sensor_noise,4,300,sham,235.53918074269328,0.5093333333333333,0.003012118989860393,0.9894074091285515,0.5917531690578134,0.4351041666666667,0.0,0.5980923601262653,0.0,0.0,0
sensor_noise,4,300,rate,157.6613039663087,0.5096666666666667,0.0022369618359631125,0.9890240395275656,0.674748099331687,0.40420833333333334,0.02949627210349663,0.5980923689991587,0.0,0.0,0
sensor_noise,4,300,combined,187.0638006435026,0.5096666666666667,0.0024925649868901482,0.9889234095346585,0.654427406859076,0.23839583333333333,0.04237363585143706,0.5980923627311703,0.0,0.0,0
sensor_noise,5,300,sham,74.7100864566861,0.5093333333333333,0.0017673921489875083,0.9890529332462119,0.7048601215585842,0.03395833333333333,0.0,0.6824296113162213,0.0,0.0,0
sensor_noise,5,300,rate,51.459564103961554,0.5096666666666667,0.001327267615758071,0.9888837000923381,0.7730214615443608,0.007145833333333333,0.01813353980133205,0.6824296164808737,0.0,0.0,0
sensor_noise,5,300,combined,52.77457869303031,0.5096666666666667,0.001357369173158119,0.9893467059386702,0.7675558540380776,0.002375,0.029169384657357307,0.682429608658342,0.0,0.0,0
sensor_noise,6,300,sham,18.71767107210312,0.507,0.004978761951195845,0.9895891310312261,0.5049974548677799,0.05714583333333333,0.0,0.756155303404189,0.0,0.0,0
sensor_noise,6,300,rate,12.899917049636832,0.507,0.00361074022544115,0.9896773212763506,0.613581140080865,0.056354166666666664,0.04669169901356607,0.7561498740344165,0.0,0.0,0
sensor_noise,6,300,combined,13.333973150842635,0.5073333333333333,0.003611370429296601,0.9886311759361833,0.6134626199393459,0.056,0.06277689223376086,0.756153635999096,0.0,0.0,0
sensor_noise,7,300,sham,261.8311032100447,0.5093333333333333,0.00271483239997711,0.989361412492901,0.6096824700842762,0.41702083333333334,0.0,0.5077306842284535,0.0,0.0,0
sensor_noise,7,300,rate,181.04605603582183,0.5096666666666667,0.002048397667695849,0.9892889623708233,0.6859728890651063,0.0991875,0.027688112570219896,0.5077306533931911,0.0,0.0,0
sensor_noise,7,300,combined,204.27944419563838,0.5096666666666667,0.002225844967668553,0.9894799443810707,0.6738723749980858,0.06895833333333333,0.03947655052702396,0.5077306762236171,0.0,0.0,0
sensor_noise,8,300,sham,14.461216993640289,0.49066666666666664,0.003021755785211568,0.9878718052156437,0.6422740737199313,0.0,0.0,0.8841303567116808,0.0,0.0,0
sensor_noise,8,300,rate,9.881123391904318,0.49066666666666664,0.002189479742701334,0.9875824041027315,0.722669708638349,0.0,0.0271739286995897,0.8815408411822444,0.0,0.0,0
sensor_noise,8,300,combined,10.639861263174184,0.49033333333333334,0.0022879542850959577,0.9875006126541737,0.7261328658525451,0.0,0.02654833954344185,0.875634275957266,0.0,0.0,0
sensor_noise,9,300,sham,85.44096283949331,0.5093333333333333,0.003019597226157618,0.9891544148701963,0.5917572983252025,0.06839583333333334,0.0,0.5576539582318373,0.0,0.0,0
sensor_noise,9,300,rate,56.61670612436419,0.5096666666666667,0.002193705837497925,0.9885351626508019,0.6871681774510392,0.058416666666666665,0.028641071614308275,0.5576537755421485,0.0,0.0,0
sensor_noise,9,300,combined,63.14384113799881,0.5096666666666667,0.0023420243474320903,0.9887502435790329,0.673145191459826,0.058020833333333334,0.04178078100113117,0.5576539295841524,0.0,0.0,0
sensor_noise,10,300,sham,103.44744545826063,0.49066666666666664,0.005992210393510218,0.987905389015214,0.49493458855073363,0.058020833333333334,0.0,0.7620429275370211,0.0,0.0,0
sensor_noise,10,300,rate,67.3301307256603,0.49133333333333334,0.004248782188979416,0.9873215852263085,0.5802170266999604,0.06047916666666667,0.052596892351343585,0.7572854173449035,0.0,0.0,0
sensor_noise,10,300,combined,71.92694974973553,0.491,0.0044690997513387905,0.9867481541971174,0.5813193830258729,0.058208333333333334,0.047535433450871266,0.7530264683699529,0.0,0.0,0
sensor_noise,11,300,sham,34.129758221632464,0.5073333333333333,0.004405076411982815,0.9891591988436156,0.5216260741058065,0.05645833333333333,0.0,0.9069127673931286,0.0,0.0,0
sensor_noise,11,300,rate,24.187578713553453,0.5073333333333333,0.003221324069217456,0.9889889666366399,0.615565156704324,0.05545833333333333,0.04371433615706666,0.9069129484695733,0.0,0.0,0
sensor_noise,11,300,combined,23.989777183399372,0.5073333333333333,0.0031692515253942065,0.9894608807172384,0.6137560320717231,0.05416666666666667,0.061170586464073154,0.9069127963485175,0.0,0.0,0
sensor_noise,12,300,sham,28.78899228131811,0.5093333333333333,0.0014053022949598447,0.9892011463742393,0.7612960955922937,0.026895833333333334,0.0,0.7779422099829262,0.0,0.0,0
sensor_noise,12,300,rate,18.461347451817534,0.5083333333333333,0.0010293689199648679,0.9889985327103202,0.8258383565411656,0.006145833333333333,0.01358916798411956,0.7779422092111345,0.0,0.0,0
sensor_noise,12,300,combined,18.564117422591515,0.5096666666666667,0.0010001041271212356,0.9887736922701172,0.8228537422531638,0.0022291666666666666,0.025410293381762334,0.7779422107918968,0.0,0.0,0
sensor_noise,13,300,sham,249.48399557936557,0.491,0.0024813900692889973,0.9889965470527916,0.6728680507714758,0.004291666666666667,0.0,0.6923385562049846,0.0,0.0,0
sensor_noise,13,300,rate,166.74501653806672,0.49066666666666664,0.001762233454934077,0.9891306856408946,0.7416001930851844,0.0045625,0.024431378987689864,0.6923385330872118,0.0,0.0,0
sensor_noise,13,300,combined,166.74501653806672,0.49066666666666664,0.001762233454934077,0.9891306856408946,0.7416001930851844,0.0045625,0.024431378987689864,0.6923385330872118,0.0,0.0,0
sensor_noise,14,300,sham,365.55920580055465,0.49166666666666664,0.001600724320478538,0.9886430102490529,0.7776871601468258,0.059833333333333336,0.0,0.5723663411104761,0.0,0.0,0
sensor_noise,14,300,rate,200.39112791948548,0.491,0.001016853285871288,0.9883753083771853,0.8401511892835369,0.07479166666666667,0.01383518389757479,0.5723663445966839,0.0,0.0,0
sensor_noise,14,300,combined,200.39112791948548,0.491,0.001016853285871288,0.9883753083771853,0.8401511892835369,0.07479166666666667,0.01383518389757479,0.5723663445966839,0.0,0.0,0
sensor_noise,15,300,sham,142.49520304327783,0.49133333333333334,0.004016426739798983,0.9879839188305337,0.5931202852575423,0.058145833333333334,0.0,0.5652902185630364,0.0,0.0,0
sensor_noise,15,300,rate,91.2014964992757,0.491,0.0026572143506334907,0.9881571206820879,0.6867981973956532,0.058375,0.03517604000777665,0.5656151296285129,0.0,0.0,0
sensor_noise,15,300,combined,103.30922094442562,0.491,0.0029732614361185163,0.9877098836781765,0.6801949290466244,0.057958333333333334,0.031025954612164508,0.5704157457574155,0.0,0.0,0
sensor_noise,16,300,sham,48.37379999344664,0.5093333333333333,0.0016444226358976503,0.9892031111784686,0.7249102632848057,0.05616666666666666,0.0,0.6156250257308004,0.0,0.0,0
sensor_noise,16,300,rate,33.48376602889064,0.5093333333333333,0.0012317186068965134,0.9889688046309092,0.7944634858005789,0.05570833333333333,0.016004245444790517,0.6156250428759037,0.0,0.0,0
sensor_noise,16,300,combined,35.69687863656245,0.5096666666666667,0.00127909861522351,0.9888857436104141,0.7874279902689574,0.0551875,0.02720199820144722,0.6156250063092997,0.0,0.0,0
sensor_noise,17,300,sham,71.98775793003466,0.49066666666666664,0.004876994527770225,0.9881214783661584,0.5347228323810678,0.023625,0.0,0.7918488702237253,0.0,0.0,0
sensor_noise,17,300,rate,49.14900293189887,0.49066666666666664,0.003449413448042898,0.9883385937650497,0.6227842086727592,0.0145,0.04384408986123312,0.7878830480117225,0.0,0.0,0
sensor_noise,17,300,combined,52.418168953132046,0.49066666666666664,0.003639328558025649,0.9887062147331984,0.6242614506466546,0.007604166666666667,0.038760165782844004,0.7836464173077512,0.0,0.0,0
sensor_noise,18,300,sham,176.81943035201814,0.491,0.0033749334715681193,0.9891512460345104,0.6082782099752827,0.00275,0.0,0.6817736668110256,0.0,0.0,0
sensor_noise,18,300,rate,121.22874728564565,0.49066666666666664,0.002418702485207545,0.9889746853061491,0.6820592951029115,0.00425,0.03339992815410922,0.681172169933234,0.0,0.0,0
sensor_noise,18,300,combined,130.9049583358863,0.49066666666666664,0.002566204163122952,0.9890046436687342,0.6794195874417304,0.002458333333333333,0.032401009269723745,0.6793857544542321,0.0,0.0,0
sensor_noise,19,300,sham,125.0822927200071,0.5093333333333333,0.0016271842693760968,0.9887964267308272,0.7205252246742699,0.4339166666666667,0.0,0.4020995959879815,0.0,0.0,0
sensor_noise,19,300,rate,81.90525863982893,0.5093333333333333,0.0012078374522192681,0.9886238856329225,0.7895452344868465,0.31214583333333334,0.015509043000467763,0.40209959740685514,0.0,0.0,0
sensor_noise,19,300,combined,106.8179215668406,0.5096666666666667,0.0014107801358403112,0.9888976019689756,0.7686356192483133,0.12695833333333334,0.02643204811317206,0.4020995949991582,0.0,0.0,0
sensor_noise,20,300,sham,65.96275949782208,0.491,0.00455765809085566,0.9876949306690489,0.5446306636169266,0.0,0.0,0.9440875025074691,0.0,0.0,0
sensor_noise,20,300,rate,43.11711970711429,0.49066666666666664,0.003312898182819553,0.9885765336367853,0.6258306444773207,0.0006041666666666667,0.04247070690451128,0.9392317399206621,0.0,0.0,0
sensor_noise,20,300,combined,46.42261239162656,0.49066666666666664,0.003470240637717308,0.9883792921958497,0.6266347147618488,0.00014583333333333335,0.03879604460919073,0.9340610514199165,0.0,0.0,0
sensor_noise,21,300,sham,161.54961662139394,0.491,0.0026649860160052447,0.9887344398829618,0.6555659561055053,0.0,0.0,0.7703770195567246,0.0,0.0,0
sensor_noise,21,300,rate,110.52008470202423,0.49066666666666664,0.0019349724701697491,0.9888161539595406,0.7254130187821057,0.00010416666666666667,0.026259756319478238,0.7696535086253781,0.0,0.0,0
sensor_noise,21,300,combined,122.36428192832278,0.49066666666666664,0.002095627920015992,0.9888269580119917,0.7218859561994605,0.0,0.02471232437977685,0.766113412122894,0.0,0.0,0
sensor_noise,22,300,sham,13.610851444974433,0.49066666666666664,0.003293705086239861,0.9881157110441717,0.6190979617868972,0.0,0.0,0.8495875641608411,0.0,0.0,0
sensor_noise,22,300,rate,9.85369953720366,0.49033333333333334,0.002414399440992529,0.9887711716092507,0.6971812805414893,0.0,0.03080488142097782,0.8473830411514703,0.0,0.0,0
sensor_noise,22,300,combined,10.383269065701313,0.49066666666666664,0.0025227893696176,0.9888092116605269,0.6997039344200707,0.0,0.02926399161257257,0.8426496198343122,0.0,0.0,0
sensor_noise,23,300,sham,85.51808861595414,0.5093333333333333,0.0020895959852011425,0.9892807336445533,0.667192078270368,0.05645833333333333,0.0,0.623380018227773,0.0,0.0,0
sensor_noise,23,300,rate,58.79113224770274,0.5096666666666667,0.0015648025335955817,0.9890935270306774,0.7413633407161189,0.05583333333333333,0.021509063070651518,0.6233800585898437,0.0,0.0,0
sensor_noise,23,300,combined,62.2394809891712,0.5096666666666667,0.0016477556845695058,0.9892856889070243,0.7320071569280105,0.05535416666666667,0.03203681144629014,0.6233800150271465,0.0,0.0,0
stimulation_artifact,0,100,sham,43.29959274309368,0.421,0.0028519221851060765,0.9468242989358749,0.16867040841298847,0.042125,0.0,0.8615112716558987,0.0,0.0,0
stimulation_artifact,0,100,rate,32.98921969789284,0.42133333333333334,0.0021084931673774425,0.9714495476963415,0.29177251377844055,0.004958333333333334,0.028360062304084492,0.8615111585559904,0.0,0.0,0
stimulation_artifact,0,100,combined,31.904282640724855,0.42133333333333334,0.0020072684074977877,0.9618766329396405,0.3200618531951718,0.0007291666666666667,0.04689707979299879,0.8615112753915324,0.0,0.0,0
stimulation_artifact,1,100,sham,123.75723586132607,0.421,0.0017837130865078561,0.9545338002393732,0.1824677329029182,0.06179166666666667,0.0,0.5429660383346017,0.0,0.0,0
stimulation_artifact,1,100,rate,89.76633627904502,0.42133333333333334,0.0013775767650115044,0.9714159492265415,0.3047436756927517,0.06091666666666667,0.01869185213629127,0.5429660377125658,0.0,0.0,0
stimulation_artifact,1,100,combined,90.69321863310897,0.42133333333333334,0.0013367883278776244,0.9658765349169197,0.3398439915575131,0.059145833333333335,0.03724220410667079,0.5429660368519676,0.0,0.0,0
stimulation_artifact,2,100,sham,131.93431620700676,0.421,0.003097989078225589,0.9574590280770708,0.15254569154077877,0.07064583333333334,0.0,0.6120438719833285,0.0,0.0,0
stimulation_artifact,2,100,rate,99.20951440623767,0.42133333333333334,0.0024359403197002304,0.9728059731924777,0.2713463964565559,0.0653125,0.03340868076082704,0.6120438448013822,0.0,0.0,0
stimulation_artifact,2,100,combined,106.93080682913525,0.42133333333333334,0.0025071286865168806,0.9643020065915758,0.28928459599705775,0.059458333333333335,0.052224883619483686,0.6120438682310618,0.0,0.0,0
stimulation_artifact,3,100,sham,327.8346470671569,0.5796666666666667,0.004381153362184284,0.9539192254261109,0.19079735677629175,0.07845833333333334,0.0,0.5420022192028371,0.0,0.0,0
stimulation_artifact,3,100,rate,185.41924129050932,0.5793333333333334,0.0027574603693865593,0.9729880298987095,0.3065463358937815,0.09929166666666667,0.035813816581834884,0.5421367232850716,0.0,0.0,0
stimulation_artifact,3,100,combined,210.87999793821635,0.5796666666666667,0.0030294483059320394,0.9702308268552883,0.3013328060971901,0.08929166666666667,0.03421388820173591,0.5573328859059588,0.0,0.0,0
stimulation_artifact,4,100,sham,237.86598732857027,0.421,0.002637275723450391,0.9543465463888919,0.16216496126166385,0.43485416666666665,0.0,0.5272444597568905,0.0,0.0,0
stimulation_artifact,4,100,rate,168.5614338345712,0.42133333333333334,0.001989526672276162,0.9722149925650414,0.2793076951686312,0.395375,0.026722021531505363,0.5272444688161361,0.0,0.0,0
stimulation_artifact,4,100,combined,193.19044821603876,0.42133333333333334,0.0021516992033899004,0.9654576227467124,0.2992311637150972,0.2355,0.04234004153481445,0.5272444620150981,0.0,0.0,0
stimulation_artifact,5,100,sham,75.56936293482823,0.421,0.001587423396741889,0.9673609852087321,0.1836135592515827,0.034770833333333334,0.0,0.7418443887578097,0.0,0.0,0
stimulation_artifact,5,100,rate,54.71542860548476,0.42133333333333334,0.0011901412910151074,0.9722023070112513,0.30649998997360106,0.0060416666666666665,0.016206187202442688,0.7418443991046696,0.0,0.0,0
stimulation_artifact,5,100,combined,53.02851177533753,0.42133333333333334,0.0011537024315507495,0.9689145696520517,0.32990707807758035,0.004729166666666666,0.024134702988935917,0.7418443867972707,0.0,0.0,0
stimulation_artifact,6,100,sham,19.58528703882557,0.421,0.004608048160378266,0.9013908399086668,0.1831214844749864,0.058708333333333335,0.0,0.8487846993946931,0.0,0.0,0
stimulation_artifact,6,100,rate,14.454927485058796,0.42133333333333334,0.003406136561539385,0.9657534048702522,0.30993833425021294,0.058145833333333334,0.04207364621307943,0.8487818376148613,0.0,0.0,0
stimulation_artifact,6,100,combined,14.709066953137082,0.42133333333333334,0.0032713646663966546,0.9508513202411328,0.32673740715093325,0.057958333333333334,0.061476857217823117,0.8487838574454523,0.0,0.0,0
stimulation_artifact,7,100,sham,262.81071751426214,0.421,0.0024172892077692085,0.9641868047930054,0.15228694388297803,0.4126875,0.0,0.561219985706499,0.0,0.0,0
stimulation_artifact,7,100,rate,190.3971997251381,0.42133333333333334,0.0018420143373642597,0.9735020093500114,0.265731151015322,0.1060625,0.025268259306803827,0.561219983277944,0.0,0.0,0
stimulation_artifact,7,100,combined,168.38144951044242,0.421,0.0017058734308275439,0.9725470976514691,0.2786347584979032,0.23845833333333333,0.026784275349390065,0.5611584786628029,0.0,0.0,0
stimulation_artifact,8,100,sham,13.727569524891956,0.579,0.0032536967043852697,0.9216634657851681,0.23069872162233163,6.25e-05,0.0,0.9011319250031417,0.0,0.0,0
stimulation_artifact,8,100,rate,8.513570676418174,0.579,0.0022983554262834814,0.9717152870337632,0.3442850087302961,0.0002708333333333333,0.026904063468198406,0.9029652037486431,0.0,0.0,0
stimulation_artifact,8,100,combined,9.516496626059919,0.579,0.0023857492882774817,0.9684616126770693,0.3527327354070799,0.00014583333333333335,0.02700350926829248,0.9075279068105326,0.0,0.0,0
stimulation_artifact,9,100,sham,86.63690107975506,0.421,0.002684129392271392,0.9516751738391789,0.1639139055426772,0.06958333333333333,0.0,0.5657154987224636,0.0,0.0,0
stimulation_artifact,9,100,rate,60.713443611790055,0.42133333333333334,0.001968646725618211,0.9718350397845003,0.29496006382683965,0.06720833333333333,0.026397891708948653,0.5657154120033413,0.0,0.0,0
stimulation_artifact,9,100,combined,61.33116033609141,0.42133333333333334,0.0019479834077075907,0.9716869476859996,0.316585059589546,0.0593125,0.03636769978014028,0.5657154530487064,0.0,0.0,0
stimulation_artifact,10,100,sham,101.39317307165773,0.5776666666666667,0.006257130793549646,0.9077667766109003,0.18743538861979203,0.07658333333333334,0.0,0.774730730973706,0.0,0.0,0
stimulation_artifact,10,100,rate,60.934323264652356,0.5783333333333334,0.004303742444942087,0.9721020914290122,0.29538596084091534,0.07939583333333333,0.05448730782377992,0.7835909620327708,0.0,0.0,0
stimulation_artifact,10,100,combined,67.36359463516038,0.5773333333333334,0.0045888029244305515,0.969636374655942,0.2954125886213917,0.07647916666666667,0.04858691514480412,0.7857513739769773,0.0,0.0,0
stimulation_artifact,11,100,sham,35.49399680127801,0.422,0.004135589729367039,0.9407692923704128,0.1540494899704544,0.0583125,0.0,0.8448111889678188,0.0,0.0,0
stimulation_artifact,11,100,rate,26.464668657332105,0.422,0.003066727134753634,0.9712259870988197,0.2787425773429308,0.057604166666666665,0.04054746416448576,0.8448099513676164,0.0,0.0,0
stimulation_artifact,11,100,combined,26.182057134447962,0.4216666666666667,0.0029483534425067087,0.9598351098673492,0.29551794705214485,0.05633333333333333,0.060187025946580444,0.8448109765064075,0.0,0.0,0
stimulation_artifact,12,100,sham,29.690141705483743,0.421,0.0012765265536933941,0.958786956808455,0.22228014832779358,0.027208333333333334,0.0,0.698413671318504,0.0,0.0,0
stimulation_artifact,12,100,rate,20.47512396075414,0.42133333333333334,0.0009221137899505272,0.9661490150716008,0.3628708916754911,0.003895833333333333,0.01209955810097597,0.6984136841532242,0.0,0.0,0
stimulation_artifact,12,100,combined,18.107006509435568,0.42133333333333334,0.0007944029819508591,0.9678233700819733,0.3906838864204462,0.0007291666666666667,0.028210640907420762,0.6984134381613873,0.0,0.0,0
stimulation_artifact,13,100,sham,248.31372544559144,0.5793333333333334,0.0025839940575400427,0.9679289108829027,0.19656112617718616,0.011333333333333334,0.0,0.6469152121247361,0.0,0.0,0
stimulation_artifact,13,100,rate,158.93010153967322,0.5793333333333334,0.0018140434513684725,0.9731498277727121,0.30505213230843153,0.00825,0.0237751351318231,0.6469152236628889,0.0,0.0,0
stimulation_artifact,13,100,combined,158.93010153967322,0.5793333333333334,0.0018140434513684725,0.9731498277727121,0.30505213230843153,0.00825,0.0237751351318231,0.6469152236628889,0.0,0.0,0
stimulation_artifact,14,100,sham,370.271630306685,0.58,0.0016642824577079644,0.965266547932114,0.24808544339030217,0.07885416666666667,0.0,0.552357256002178,0.0,0.0,0
stimulation_artifact,14,100,rate,185.95074982257032,0.5796666666666667,0.001015970326471777,0.9730554788585946,0.3663566608600786,0.09172916666666667,0.013239979275759284,0.5523572592595807,0.0,0.0,0
stimulation_artifact,14,100,combined,185.95074982257032,0.5796666666666667,0.001015970326471777,0.9730554788585946,0.3663566608600786,0.09172916666666667,0.013239979275759284,0.5523572592595807,0.0,0.0,0
stimulation_artifact,15,100,sham,141.68900270674646,0.5796666666666667,0.004183565478223489,0.9447052226818157,0.20284561332784265,0.0768125,0.0,0.6004342955684313,0.0,0.0,0
stimulation_artifact,15,100,rate,85.47576153731887,0.5793333333333334,0.002702993833670286,0.9727174702524654,0.31926798093117936,0.07666666666666666,0.03466851110205156,0.601348981181816,0.0,0.0,0
stimulation_artifact,15,100,combined,99.13072600204323,0.5793333333333334,0.003044497334360375,0.9728250258401633,0.3128398962965911,0.0761875,0.030443818629913827,0.612205241721125,0.0,0.0,0
stimulation_artifact,16,100,sham,48.979373593394236,0.421,0.0014478013173254815,0.9551279790944164,0.21501467784638706,0.057979166666666665,0.0,0.6491885380176065,0.0,0.0,0
stimulation_artifact,16,100,rate,36.0134734699734,0.42133333333333334,0.0010851444112095748,0.9686516365549517,0.34704232893127634,0.057625,0.014178678632523384,0.6491885309966015,0.0,0.0,0
stimulation_artifact,16,100,combined,34.62712160058311,0.42133333333333334,0.001008885929234278,0.9672683658126625,0.3742763950891109,0.056979166666666664,0.029265495866729944,0.6491885423468289,0.0,0.0,0
stimulation_artifact,17,100,sham,70.78180674922267,0.579,0.005102903251314058,0.9142148914994412,0.1914557979376448,0.035916666666666666,0.0,0.8471611155841718,0.0,0.0,0
stimulation_artifact,17,100,rate,45.422611361958,0.579,0.003511443383603454,0.9716837338493918,0.3024922257023675,0.018145833333333333,0.04438326039999831,0.8509367262204153,0.0,0.0,0
stimulation_artifact,17,100,combined,49.23309678762006,0.579,0.0037174653973006608,0.968911648643671,0.30206131336798897,0.012854166666666667,0.0397136046611361,0.8588384798952773,0.0,0.0,0
stimulation_artifact,18,100,sham,175.08511176881458,0.5793333333333334,0.0034951139076763206,0.964740919941589,0.1831703489611364,0.007479166666666667,0.0,0.6874495019485105,0.0,0.0,0
stimulation_artifact,18,100,rate,115.5641270621294,0.579,0.0024811319520275047,0.9728874182201105,0.2898664569902777,0.008333333333333333,0.03255719734849311,0.6877659515315949,0.0,0.0,0
stimulation_artifact,18,100,combined,107.55446417085038,0.579,0.0023630333912065767,0.9717955626157143,0.2941340066222224,0.01075,0.042466522789993806,0.6874495113886173,0.0,0.0,0
stimulation_artifact,19,100,sham,122.5280211828342,0.4206666666666667,0.001367254801666665,0.9587318751792704,0.20254010616697546,0.4336041666666667,0.0,0.4331836250444156,0.0,0.0,0
stimulation_artifact,19,100,rate,86.27793359833447,0.421,0.0010321116877659697,0.969432867626306,0.328096654275877,0.2992708333333333,0.013677615262843706,0.43318362416034756,0.0,0.0,0
stimulation_artifact,19,100,combined,92.86906555298326,0.42133333333333334,0.0010495234295855064,0.9704034934148117,0.3493936500321837,0.17285416666666667,0.021634479280222833,0.4331836251596944,0.0,0.0,0
stimulation_artifact,20,100,sham,63.869844498775706,0.579,0.004778995526195793,0.9405633901048507,0.18904816232108854,0.0012291666666666666,0.0,0.9016518133589938,0.0,0.0,0
stimulation_artifact,20,100,rate,38.79161059440703,0.579,0.0034007128024367774,0.9723401185650566,0.296853119077122,0.0027916666666666667,0.042797904726893134,0.9055080401696673,0.0,0.0,0
stimulation_artifact,20,100,combined,42.460778732704384,0.579,0.0035479736424097784,0.9709505122264914,0.29423671934844997,0.0017916666666666667,0.03948296649695201,0.9139155576344287,0.0,0.0,0
stimulation_artifact,21,100,sham,159.57639391600796,0.5793333333333334,0.002800324461265645,0.9627526519777029,0.1989383556378822,0.0010833333333333333,0.0,0.745025965172019,0.0,0.0,0
stimulation_artifact,21,100,rate,103.88615069359665,0.579,0.0020050037763342187,0.9726712686744985,0.3071274275565619,0.0017708333333333332,0.025724069578175416,0.7454057902542431,0.0,0.0,0
stimulation_artifact,21,100,combined,105.80841603140517,0.579,0.002033877857437874,0.9726876374911105,0.31155865974451713,0.0013958333333333333,0.02767468577223972,0.7484340250695475,0.0,0.0,0
stimulation_artifact,22,100,sham,12.760775713795377,0.579,0.003509293971440821,0.9300006024946693,0.2151493308743097,0.0,0.0,0.9043908439766826,0.0,0.0,0
stimulation_artifact,22,100,rate,8.578107829038345,0.579,0.0025194421197078506,0.9721123293690135,0.32469073072176585,0.0,0.030330269417013857,0.9056705389575709,0.0,0.0,0
stimulation_artifact,22,100,combined,9.263343656278455,0.579,0.0026119511456084337,0.9696651951674511,0.3278224085486599,0.0,0.029566327665971618,0.9087665323490448,0.0,0.0,0
stimulation_artifact,23,100,sham,86.81834904777327,0.421,0.0018668197458721807,0.9650130940934171,0.16891951332944674,0.05825,0.0,0.6903040343662037,0.0,0.0,0
stimulation_artifact,23,100,rate,62.80311233848527,0.42133333333333334,0.0014014670998803774,0.9726901530733373,0.2884103947275133,0.057833333333333334,0.01921617218155266,0.6903040267716786,0.0,0.0,0
stimulation_artifact,23,100,combined,62.810057141340785,0.42133333333333334,0.0014046460100391354,0.9703459561166198,0.31983018179675915,0.057416666666666664,0.0283124529574815,0.6903040373276313,0.0,0.0,0
stimulation_artifact,0,200,sham,40.56475066702521,0.584,0.003292842419828237,0.9548276140432806,0.1586344928708314,0.0528125,0.0,0.7379146308474208,0.0,0.0,0
stimulation_artifact,0,200,rate,30.27171539722713,0.5836666666666667,0.002446095438976306,0.9710315883511791,0.28806559948531535,0.007958333333333333,0.032855479191955674,0.7379142479728014,0.0,0.0,0
stimulation_artifact,0,200,combined,30.604524253066177,0.5836666666666667,0.0024552829298418507,0.9696208847000762,0.3028601186316485,0.002458333333333333,0.04866032363608118,0.7379144329285399,0.0,0.0,0
stimulation_artifact,1,200,sham,118.65467653116855,0.584,0.0021489794866836466,0.9642489509341168,0.16685957730327533,0.0785625,0.0,0.44622286949815904,0.0,0.0,0
stimulation_artifact,1,200,rate,83.30503775508862,0.5836666666666667,0.0016325659549906787,0.9709059406615669,0.2934008814217831,0.07491666666666667,0.022143936164877403,0.4462228066941055,0.0,0.0,0
stimulation_artifact,1,200,combined,92.52182206077451,0.5836666666666667,0.001695304762894959,0.9715945609697516,0.31160645678593796,0.07416666666666667,0.0383745654098476,0.44622282418051107,0.0,0.0,0
stimulation_artifact,2,200,sham,125.89904706205147,0.584,0.003526670291460075,0.9585110857472351,0.14515011355317875,0.08897916666666666,0.0,0.5394612937165321,0.0,0.0,0
stimulation_artifact,2,200,rate,92.64338417733443,0.5836666666666667,0.002745176386571611,0.9709437070969061,0.2658663644316408,0.07541666666666667,0.037541436280816014,0.539891382026103,0.0,0.0,0
stimulation_artifact,2,200,combined,100.3779862034015,0.5836666666666667,0.0028517627479318648,0.9698964891986278,0.2806532017061835,0.07445833333333333,0.05624849278285453,0.5394613463054556,0.0,0.0,0
stimulation_artifact,3,200,sham,332.1238728835883,0.41533333333333333,0.0038439051588054856,0.947820549103667,0.1942415715490857,0.05445833333333333,0.0,0.49574347629123305,0.0,0.0,0
stimulation_artifact,3,200,rate,199.3333505097603,0.4156666666666667,0.002518655487324564,0.9687057199205032,0.3336941299897785,0.06370833333333334,0.03128791367100959,0.4957434474662846,0.0,0.0,0
stimulation_artifact,3,200,combined,228.22730113973276,0.41533333333333333,0.00280301647732409,0.9721088797100634,0.3285104431974198,0.05675,0.030172433164360583,0.49649959319944253,0.0,0.0,0
stimulation_artifact,4,200,sham,230.24063962523388,0.584,0.003131621118047604,0.9594784841808661,0.1520634724890426,0.45145833333333335,0.0,0.46591243425592205,0.0,0.0,0
stimulation_artifact,4,200,rate,158.6209557399301,0.5836666666666667,0.0023184000933863607,0.9722634387405978,0.27068088458891054,0.41083333333333333,0.03056845906531991,0.4645063584093262,0.0,0.0,0
stimulation_artifact,4,200,combined,187.24113762382603,0.5836666666666667,0.0025712938064888875,0.9652183577268434,0.2830329097804768,0.23741666666666666,0.044894698092193853,0.46591245748272786,0.0,0.0,0
stimulation_artifact,5,200,sham,71.39831820921722,0.584,0.0019047053817102598,0.9694716085903493,0.168997523462151,0.042208333333333334,0.0,0.6871779875946341,0.0,0.0,0
stimulation_artifact,5,200,rate,49.89696062551811,0.5836666666666667,0.0014279084190755276,0.9719483635181481,0.2991054446716563,0.011916666666666667,0.019714947706614645,0.6871779730520391,0.0,0.0,0
stimulation_artifact,5,200,combined,49.31383925739134,0.5836666666666667,0.0014033242305065462,0.9717972582216764,0.3189052435577167,0.0030416666666666665,0.02948826440129245,0.687177979850477,0.0,0.0,0
stimulation_artifact,6,200,sham,17.426147667744857,0.584,0.005249820799054073,0.9014023289518074,0.16807939647911974,0.0735,0.0,0.7110749247811508,0.0,0.0,0
stimulation_artifact,6,200,rate,12.537812133043635,0.584,0.003870978655487687,0.9629348005450382,0.3061265602578058,0.07258333333333333,0.04918792773672898,0.7115252555037277,0.0,0.0,0
stimulation_artifact,6,200,combined,12.968337727951642,0.5843333333333334,0.0038639487800607893,0.9531419979878232,0.3229275460599462,0.07233333333333333,0.0672239320167982,0.7110621229304404,0.0,0.0,0
stimulation_artifact,7,200,sham,255.4123071961792,0.584,0.0028149910661170435,0.967751243214229,0.1450392071411187,0.431875,0.0,0.5321850504606974,0.0,0.0,0
stimulation_artifact,7,200,rate,180.70140419374522,0.5836666666666667,0.0021181616489083332,0.9724709603375391,0.26152251278454247,0.11558333333333333,0.028759154302939124,0.532271925338257,0.0,0.0,0
stimulation_artifact,7,200,combined,163.4991835981867,0.5836666666666667,0.0019814677552072936,0.9736022451899655,0.2697626260218946,0.22804166666666667,0.028177896817698368,0.5348298642874356,0.0,0.0,0
stimulation_artifact,8,200,sham,15.400740020913753,0.416,0.002784288307671261,0.9189687317089206,0.2536777500774263,0.0,0.0,0.8284351449109268,0.0,0.0,0
stimulation_artifact,8,200,rate,10.041161278185303,0.416,0.0020285776010771474,0.9655132943774788,0.38870394044427636,0.0,0.023748908850009527,0.828433873834621,0.0,0.0,0
stimulation_artifact,8,200,combined,10.604758643939945,0.4126666666666667,0.0020805575791642684,0.9615325374369118,0.40337999790214796,0.0,0.026799439812322468,0.8253169925117165,0.0,0.0,0
stimulation_artifact,9,200,sham,82.56153922047692,0.5843333333333334,0.003179218816740481,0.9538898129911083,0.15431460965142116,0.08560416666666666,0.0,0.5100435116910057,0.0,0.0,0
stimulation_artifact,9,200,rate,56.277549027822,0.5836666666666667,0.0023086377180985213,0.9718002074038704,0.28692882407018244,0.07558333333333334,0.030144758515341787,0.510087348466645,0.0,0.0,0
stimulation_artifact,9,200,combined,59.186899880349266,0.5836666666666667,0.0023472242858735555,0.969307857155714,0.29822059889418456,0.07439583333333333,0.03882226558306951,0.5104268579857645,0.0,0.0,0
stimulation_artifact,10,200,sham,106.85351967330446,0.41533333333333333,0.005622069620547807,0.8965792966335224,0.19956003209950526,0.05304166666666667,0.0,0.6226503018449513,0.0,0.0,0
stimulation_artifact,10,200,rate,67.43818279850677,0.4156666666666667,0.003927291927792543,0.9654531510574829,0.324284398672021,0.05352083333333333,0.04841811420394049,0.620600743574869,0.0,0.0,0
stimulation_artifact,10,200,combined,71.99941298151622,0.416,0.004133891582513775,0.9678258099596462,0.32511789644433653,0.0525625,0.04458579125323984,0.614548377749139,0.0,0.0,0
stimulation_artifact,11,200,sham,32.29698009899604,0.5853333333333334,0.004619018427027293,0.9438508090182105,0.14771827991675351,0.0729375,0.0,0.7287535195799153,0.0,0.0,0
stimulation_artifact,11,200,rate,23.39334881586379,0.585,0.003425171949697561,0.9667820817427603,0.27926025610837,0.071625,0.04631385002906652,0.7295456011498386,0.0,0.0,0
stimulation_artifact,11,200,combined,23.288596416768677,0.5853333333333334,0.0033761471366600764,0.9662829598574088,0.29256835789218155,0.069875,0.06557744318885333,0.7287554127610439,0.0,0.0,0
stimulation_artifact,12,200,sham,27.150530319263297,0.584,0.001551716321782769,0.9660275382045428,0.1974357963542569,0.03370833333333333,0.0,0.6090430142544897,0.0,0.0,0
stimulation_artifact,12,200,rate,17.626395273082295,0.5836666666666667,0.001133277176395277,0.9693977302311841,0.3476972233302305,0.007895833333333333,0.015291712375127237,0.6090429138117953,0.0,0.0,0
stimulation_artifact,12,200,combined,15.240367864446416,0.5783333333333334,0.0010122132452599158,0.9670267940212337,0.3738814866439953,0.0022291666666666666,0.03217049743546003,0.6100160278143151,0.0,0.0,0
stimulation_artifact,13,200,sham,254.67198748562132,0.4156666666666667,0.002250660672207964,0.9615403012220073,0.20188429603324118,0.006166666666666667,0.0,0.6049683472702957,0.0,0.0,0
stimulation_artifact,13,200,rate,169.46531835285154,0.4156666666666667,0.0016185635088817466,0.9710187906522609,0.3302724687776099,0.00525,0.021453452642599184,0.6049683272046826,0.0,0.0,0
stimulation_artifact,13,200,combined,169.46531835285154,0.4156666666666667,0.0016185635088817466,0.9710187906522609,0.3302724687776099,0.00525,0.021453452642599184,0.6049683272046826,0.0,0.0,0
stimulation_artifact,14,200,sham,373.80039693727684,0.415,0.0013516049367565787,0.9603143043472343,0.2640911181897386,0.0555,0.0,0.5317367099091709,0.0,0.0,0
stimulation_artifact,14,200,rate,207.06871262245213,0.41533333333333333,0.0009118458258148098,0.9705013030470704,0.41361712769950687,0.057354166666666664,0.01183129463424463,0.5317367191339885,0.0,0.0,0
stimulation_artifact,14,200,combined,207.06871262245213,0.41533333333333333,0.0009118458258148098,0.9705013030470704,0.41361712769950687,0.057354166666666664,0.01183129463424463,0.5317367191339885,0.0,0.0,0
stimulation_artifact,15,200,sham,144.98976845741927,0.41533333333333333,0.003628398533037434,0.9376281141079763,0.2121104633784445,0.05322916666666667,0.0,0.576661663124701,0.0,0.0,0
stimulation_artifact,15,200,rate,91.97938246632302,0.4156666666666667,0.0024298602269870752,0.970829102582551,0.3522120549481524,0.05308333333333334,0.029928287076036553,0.5766618457185065,0.0,0.0,0
stimulation_artifact,15,200,combined,102.8634773340101,0.4156666666666667,0.002695052931117776,0.9695112298615273,0.35223850460226164,0.05285416666666667,0.028631440212527677,0.5783934090086407,0.0,0.0,0
stimulation_artifact,16,200,sham,46.451222361879985,0.584,0.0017940841748675495,0.9618285644268024,0.19062416729183684,0.07239583333333334,0.0,0.5618176661089288,0.0,0.0,0
stimulation_artifact,16,200,rate,32.82456214206308,0.5836666666666667,0.0013368004144912265,0.9683784527270632,0.3292488197077482,0.07179166666666667,0.017603026484489574,0.5618177244003527,0.0,0.0,0
stimulation_artifact,16,200,combined,34.601375300446925,0.5836666666666667,0.0013536919316460467,0.9708343880160158,0.3405532714668844,0.07120833333333333,0.03119722089684283,0.5618177009369432,0.0,0.0,0
stimulation_artifact,17,200,sham,74.5009154721148,0.4156666666666667,0.004564321625639401,0.9204408615849065,0.201622664365625,0.0265,0.0,0.7348719865687972,0.0,0.0,0
stimulation_artifact,17,200,rate,49.5568199840311,0.416,0.0031978713805941757,0.9663769841515547,0.3315119016923866,0.0131875,0.039799832464513914,0.7348742480202677,0.0,0.0,0
stimulation_artifact,17,200,combined,52.39957236906374,0.416,0.00335677715956564,0.9682533931023545,0.3357389818419147,0.009645833333333333,0.03739235028510779,0.7287684600092731,0.0,0.0,0
stimulation_artifact,18,200,sham,179.61588348683628,0.4156666666666667,0.003113888403229743,0.9543328078315977,0.1866952288303567,0.0035625,0.0,0.5619391089681958,0.0,0.0,0
stimulation_artifact,18,200,rate,122.25910414486373,0.416,0.0022440033850136877,0.9681621651757575,0.3088182434640903,0.006479166666666667,0.029451311726496197,0.5619390815907122,0.0,0.0,0
stimulation_artifact,18,200,combined,115.24013324208728,0.416,0.002148184577193266,0.9693540001511853,0.323976058172022,0.0085625,0.04042660888579301,0.5619391026231039,0.0,0.0,0
stimulation_artifact,19,200,sham,121.46441680384903,0.5843333333333334,0.0017233179104715636,0.9685284939927603,0.18172749529621132,0.450625,0.0,0.3620904588057316,0.0,0.0,0
stimulation_artifact,19,200,rate,82.17432197264422,0.584,0.0012544734183131832,0.9701575781115171,0.3075697242687538,0.29783333333333334,0.016330471188081456,0.3620904471595693,0.0,0.0,0
stimulation_artifact,19,200,combined,95.2365710024898,0.5836666666666667,0.0013434779810958268,0.9718136181379027,0.3175067390545607,0.18479166666666666,0.02253743477544288,0.36097565405060045,0.0,0.0,0
stimulation_artifact,20,200,sham,68.06024532151886,0.416,0.004273638599517641,0.9342771333972605,0.19874795177084587,0.0,0.0,0.8107779905307451,0.0,0.0,0
stimulation_artifact,20,200,rate,43.12852986838451,0.416,0.0030867347512341286,0.9661904704588217,0.3209736378441773,0.0008333333333333334,0.03830653341375501,0.8105519007795797,0.0,0.0,0
stimulation_artifact,20,200,combined,46.724670705163774,0.416,0.0032393300888986544,0.9704443385937798,0.32076650236512616,0.00022916666666666666,0.03596999034319537,0.8026990386175084,0.0,0.0,0
stimulation_artifact,21,200,sham,165.8698310854175,0.4156666666666667,0.002435712224896149,0.9561639277899766,0.20650408201433326,0.0,0.0,0.6739497196868435,0.0,0.0,0
stimulation_artifact,21,200,rate,112.12993329966848,0.416,0.0017776630484436188,0.9692200173325383,0.3329361459023909,0.0,0.023033249308270484,0.6739497449082662,0.0,0.0,0
stimulation_artifact,21,200,combined,119.13763178644908,0.416,0.0018707075512874045,0.9721880807056659,0.33647585000415664,0.0,0.023135463380974046,0.6739497490868276,0.0,0.0,0
stimulation_artifact,22,200,sham,14.771954473858836,0.416,0.0030585175320122573,0.9213911546482794,0.23314865273479463,0.0,0.0,0.8228108325395886,0.0,0.0,0
stimulation_artifact,22,200,rate,10.394110336231483,0.416,0.002250851159999014,0.9667237854532225,0.3607903448587478,0.0,0.026823396302797183,0.8228104651547374,0.0,0.0,0
stimulation_artifact,22,200,combined,10.751270206102852,0.416,0.002309894276024297,0.9663614891861795,0.3715756891280714,0.0,0.029268287351793428,0.8201753416695986,0.0,0.0,0
stimulation_artifact,23,200,sham,82.37040812216563,0.584,0.0022193820618669575,0.9689286487461689,0.1578124173647988,0.0728125,0.0,0.662007909677415,0.0,0.0,0
stimulation_artifact,23,200,rate,57.69133976151169,0.5836666666666667,0.0016582730145608755,0.9727788478116931,0.28327664853386497,0.0721875,0.022813170586563285,0.6620079648746339,0.0,0.0,0
stimulation_artifact,23,200,combined,58.93171280362752,0.5836666666666667,0.0016721961739237367,0.9711254238097378,0.3016980397010113,0.07179166666666667,0.0330554485886576,0.6620219781687093,0.0,0.0,0
stimulation_artifact,0,300,sham,42.177351430451495,0.5093333333333333,0.003104057746474632,0.956071862439039,0.16673987880548885,0.040854166666666664,0.0,0.8596626020875958,0.0,0.0,0
stimulation_artifact,0,300,rate,31.066492847460307,0.5096666666666667,0.0023017318873260577,0.972300683103668,0.30219140628261354,0.006291666666666667,0.031312835237423654,0.8596622321274159,0.0,0.0,0
stimulation_artifact,0,300,combined,31.31037131439064,0.5096666666666667,0.002318096106237368,0.970330477940252,0.31579396130142723,0.002979166666666667,0.0451520491902135,0.8596625677620715,0.0,0.0,0
stimulation_artifact,1,300,sham,122.29708698855946,0.5093333333333333,0.0020277945318555287,0.9686841767211714,0.17133617210712943,0.06089583333333334,0.0,0.6413005230572695,0.0,0.0,0
stimulation_artifact,1,300,rate,85.17076172844642,0.5096666666666667,0.0015708120941449373,0.9714477325364687,0.3088311449126792,0.058291666666666665,0.02140948741341266,0.6413005065671117,0.0,0.0,0
stimulation_artifact,1,300,combined,93.23276429591759,0.5096666666666667,0.0016330163746608945,0.9702011177645586,0.3266329363968888,0.057854166666666665,0.03716774427365059,0.6413005172573246,0.0,0.0,0
stimulation_artifact,2,300,sham,130.38587468865651,0.5093333333333333,0.0033901501755529573,0.9657294968619426,0.1504011396412944,0.07070833333333333,0.0,0.74352633830295,0.0,0.0,0
stimulation_artifact,2,300,rate,95.3067300148796,0.5096666666666667,0.00265388380552267,0.9734636014459993,0.2792501258341911,0.058541666666666665,0.03682905739891566,0.7435263683838864,0.0,0.0,0
stimulation_artifact,2,300,combined,101.47771979252225,0.5096666666666667,0.0027280952793534386,0.9715973033240133,0.2955417363903635,0.058104166666666665,0.056584045877734544,0.7435263466159104,0.0,0.0,0
stimulation_artifact,3,300,sham,326.04792058896265,0.49166666666666664,0.004252575173548031,0.9456240929277945,0.1892072429672817,0.05925,0.0,0.5373136876248888,0.0,0.0,0
stimulation_artifact,3,300,rate,192.94245094695913,0.491,0.0027123141004685323,0.9730299623271396,0.31284165250987755,0.077125,0.03540939665744135,0.5373136500725902,0.0,0.0,0
stimulation_artifact,3,300,combined,223.79479509475854,0.49133333333333334,0.0030419054388922773,0.9719112151103017,0.30211874488205426,0.0698125,0.03280918295208696,0.5458869903771181,0.0,0.0,0
stimulation_artifact,4,300,sham,235.53918074269328,0.5093333333333333,0.003012118989860393,0.9635711918273956,0.15463021324813894,0.4351041666666667,0.0,0.5980923601262653,0.0,0.0,0
stimulation_artifact,4,300,rate,160.9282971448152,0.5096666666666667,0.0022625297665460663,0.9715943646007258,0.2840121734770128,0.3990625,0.03034143912814857,0.5980923691495968,0.0,0.0,0
stimulation_artifact,4,300,combined,189.86679892049855,0.5096666666666667,0.0025142350895619187,0.9706857201667989,0.2961624636591369,0.22464583333333332,0.04490338733100747,0.598092362761396,0.0,0.0,0
stimulation_artifact,5,300,sham,74.7100864566861,0.5093333333333333,0.0017673921489875083,0.9738741860659198,0.17660841537847732,0.03395833333333333,0.0,0.6824296113162213,0.0,0.0,0
stimulation_artifact,5,300,rate,51.92676959024461,0.5096666666666667,0.0013349483728632738,0.9698517925834593,0.3139201898869761,0.006791666666666666,0.018561510476336744,0.6824296173277343,0.0,0.0,0
stimulation_artifact,5,300,combined,52.99824560921269,0.5096666666666667,0.0013582071041223346,0.9722587252378382,0.33049760492023667,0.0036875,0.025919543095173362,0.6824296097064588,0.0,0.0,0
stimulation_artifact,6,300,sham,18.71767107210312,0.507,0.004978761951195845,0.9014155687458468,0.1739071350684164,0.05714583333333333,0.0,0.756155303404189,0.0,0.0,0
stimulation_artifact,6,300,rate,13.04186953145394,0.507,0.003636244104792085,0.9701590100777664,0.32273858695933677,0.0563125,0.04763927408617984,0.7561496365303362,0.0,0.0,0
stimulation_artifact,6,300,combined,13.307641372655098,0.5076666666666667,0.003596079044636717,0.9670294905942748,0.3370632128047468,0.056,0.06550727731666223,0.756153610342178,0.0,0.0,0
stimulation_artifact,7,300,sham,261.8311032100447,0.5093333333333333,0.00271483239997711,0.9749944252231496,0.14939152758401136,0.41702083333333334,0.0,0.5077306842284535,0.0,0.0,0
stimulation_artifact,7,300,rate,184.9699272293963,0.5096666666666667,0.002073924565551431,0.9730248806966765,0.2753721620665093,0.0916875,0.028198907031446528,0.5077306512290465,0.0,0.0,0
stimulation_artifact,7,300,combined,166.68914126274544,0.5096666666666667,0.0019360385824327606,0.973355288930976,0.2886482105755763,0.2328125,0.029102772499139087,0.5078422644425312,0.0,0.0,0
stimulation_artifact,8,300,sham,14.461216993640289,0.49066666666666664,0.003021755785211568,0.9276253466918993,0.23640581269703312,0.0,0.0,0.8841303567116808,0.0,0.0,0
stimulation_artifact,8,300,rate,9.747149811367732,0.49066666666666664,0.0021656220771741367,0.9712479979985403,0.35644275843008666,0.0,0.025870158017148356,0.8822075230252902,0.0,0.0,0
stimulation_artifact,8,300,combined,10.197030145401717,0.49066666666666664,0.002201151821725989,0.9667315138459209,0.3671914475440462,0.0,0.028545588479406015,0.8761606751624843,0.0,0.0,0
stimulation_artifact,9,300,sham,85.44096283949331,0.5093333333333333,0.003019597226157618,0.9628122127069241,0.15831419997474178,0.06839583333333334,0.0,0.5576539582318373,0.0,0.0,0
stimulation_artifact,9,300,rate,57.39306812160139,0.5096666666666667,0.002208751623110489,0.9725162414025396,0.30140913398173597,0.058416666666666665,0.02967577382348036,0.5576537710007742,0.0,0.0,0
stimulation_artifact,9,300,combined,58.93526966988732,0.5096666666666667,0.002225299284142442,0.972412256357648,0.3159925828170026,0.058145833333333334,0.0388047358413636,0.5576538476871689,0.0,0.0,0
stimulation_artifact,10,300,sham,103.44744545826063,0.49066666666666664,0.005992210393510218,0.9096112636359475,0.18962207470821735,0.058020833333333334,0.0,0.7620429275370211,0.0,0.0,0
stimulation_artifact,10,300,rate,66.47803128843333,0.49066666666666664,0.004208149252821523,0.9723259709412321,0.29800606709404365,0.059520833333333335,0.05151484935467291,0.7577095992474859,0.0,0.0,0
stimulation_artifact,10,300,combined,71.14259555632007,0.49066666666666664,0.004430970190010268,0.9721951428020138,0.29591987531492636,0.0578125,0.04714488598449764,0.7571183642244868,0.0,0.0,0
stimulation_artifact,11,300,sham,34.129758221632464,0.5073333333333333,0.004405076411982815,0.9409518196186719,0.15509070151190404,0.05645833333333333,0.0,0.9069127673931286,0.0,0.0,0
stimulation_artifact,11,300,rate,24.422127330217375,0.5076666666666667,0.0032422423960099815,0.9733161507544074,0.2897959740643887,0.05545833333333333,0.0442788211284766,0.9069129737918075,0.0,0.0,0
stimulation_artifact,11,300,combined,24.03862552538115,0.5073333333333333,0.003178903271587572,0.9706742015022699,0.3057808155299737,0.0545625,0.06402267046187639,0.9069127988916454,0.0,0.0,0
stimulation_artifact,12,300,sham,28.78899228131811,0.5093333333333333,0.0014053022949598447,0.9712392701956937,0.20649519190222615,0.026895833333333334,0.0,0.7779422099829262,0.0,0.0,0
stimulation_artifact,12,300,rate,18.581112911558442,0.5096666666666667,0.001028776929343282,0.9705686431705053,0.36097264914114974,0.005625,0.013957959082477532,0.7779422087666698,0.0,0.0,0
stimulation_artifact,12,300,combined,17.849793852883035,0.5096666666666667,0.0009979755460885287,0.9727767130732636,0.3771172078960792,0.0020416666666666665,0.027639814733585087,0.7779422108300663,0.0,0.0,0
stimulation_artifact,13,300,sham,249.48399557936557,0.491,0.0024813900692889973,0.961329962190409,0.19398069010510172,0.004291666666666667,0.0,0.6923385562049846,0.0,0.0,0
stimulation_artifact,13,300,rate,165.82215744048352,0.49066666666666664,0.0017556220682109047,0.9727632560863458,0.30927746862207545,0.0036875,0.02337185295653477,0.6923385346689548,0.0,0.0,0
stimulation_artifact,13,300,combined,165.82215744048352,0.49066666666666664,0.0017556220682109047,0.9727632560863458,0.30927746862207545,0.0036875,0.02337185295653477,0.6923385346689548,0.0,0.0,0
stimulation_artifact,14,300,sham,365.55920580055465,0.49166666666666664,0.001600724320478538,0.9602208873755209,0.25003130891553116,0.059833333333333336,0.0,0.5723663411104761,0.0,0.0,0
stimulation_artifact,14,300,rate,199.98996219079595,0.49133333333333334,0.0010209267069030891,0.9722233865158583,0.38142723082244595,0.07066666666666667,0.012977886361650851,0.5723663442531289,0.0,0.0,0
stimulation_artifact,14,300,combined,199.98996219079595,0.49133333333333334,0.0010209267069030891,0.9722233865158583,0.38142723082244595,0.07066666666666667,0.012977886361650851,0.5723663442531289,0.0,0.0,0
stimulation_artifact,15,300,sham,142.49520304327783,0.49133333333333334,0.004016426739798983,0.9435214384850483,0.203971432299886,0.058145833333333334,0.0,0.5652902185630364,0.0,0.0,0
stimulation_artifact,15,300,rate,90.58086437558627,0.491,0.002642151191950467,0.9725193553022126,0.3292235760863357,0.058166666666666665,0.03391954970267437,0.565347525162896,0.0,0.0,0
stimulation_artifact,15,300,combined,101.8542377876294,0.491,0.002931142777462817,0.9696301521925648,0.32196247709254944,0.057895833333333334,0.031209394242061157,0.5695170200032224,0.0,0.0,0
stimulation_artifact,16,300,sham,48.37379999344664,0.5093333333333333,0.0016444226358976503,0.9642970702723168,0.19739321479715083,0.05616666666666666,0.0,0.6156250257308004,0.0,0.0,0
stimulation_artifact,16,300,rate,33.75307347788147,0.5096666666666667,0.0012393811632087192,0.9693804269516364,0.3435949240307222,0.05566666666666667,0.01646696050258562,0.6156250445464901,0.0,0.0,0
stimulation_artifact,16,300,combined,35.38476143975279,0.5096666666666667,0.0012721183157653967,0.9711364630960786,0.35994012089448174,0.0551875,0.029650211858634257,0.6156250060885864,0.0,0.0,0
stimulation_artifact,17,300,sham,71.98775793003466,0.49066666666666664,0.004876994527770225,0.9246574001521757,0.1910720995356217,0.023625,0.0,0.7918488702237253,0.0,0.0,0
stimulation_artifact,17,300,rate,48.54473767743477,0.49066666666666664,0.0034081690188913533,0.9724573876419856,0.3066056366429236,0.012229166666666666,0.04281657254030413,0.7887482574568773,0.0,0.0,0
stimulation_artifact,17,300,combined,50.282657371968554,0.49066666666666664,0.00351468660781653,0.9696289040028394,0.3057607154718714,0.006375,0.03901690039365138,0.7842504245268772,0.0,0.0,0
stimulation_artifact,18,300,sham,176.81943035201814,0.491,0.0033749334715681193,0.9560588426430441,0.18021582638697797,0.00275,0.0,0.6817736668110256,0.0,0.0,0
stimulation_artifact,18,300,rate,120.6846212774859,0.49066666666666664,0.002410394022209207,0.973017875170265,0.2924941179251492,0.002875,0.03202252346895258,0.6815824087986535,0.0,0.0,0
stimulation_artifact,18,300,combined,112.12606678781282,0.49066666666666664,0.0022672498958946938,0.9710449410926728,0.3020354222247924,0.004458333333333333,0.04285324016731711,0.6817736557001046,0.0,0.0,0
stimulation_artifact,19,300,sham,125.0822927200071,0.5093333333333333,0.0016271842693760968,0.9712273162492362,0.18342780085971522,0.4339166666666667,0.0,0.4020995959879815,0.0,0.0,0
stimulation_artifact,19,300,rate,84.20441024028668,0.5096666666666667,0.0012314714404336466,0.9708179301918636,0.3257226943952149,0.29685416666666664,0.01605317340454105,0.40209959739525847,0.0,0.0,0
stimulation_artifact,19,300,combined,101.74794247854722,0.5096666666666667,0.0013726575018914243,0.9729651187893537,0.3376361865004078,0.17527083333333332,0.02164912846980633,0.40209959574545834,0.0,0.0,0
stimulation_artifact,20,300,sham,65.96275949782208,0.491,0.00455765809085566,0.9359988087862695,0.1887967415535167,0.0,0.0,0.9440875025074691,0.0,0.0,0
stimulation_artifact,20,300,rate,42.4944714338491,0.49066666666666664,0.0032762784472388806,0.9726090700109415,0.30144377135732564,0.0003958333333333333,0.04147773601994174,0.940064577460148,0.0,0.0,0
stimulation_artifact,20,300,combined,45.838849362394654,0.49066666666666664,0.0034344081155518818,0.9721412839889758,0.29965805276063195,0.0,0.03885021274774972,0.9345878982851987,0.0,0.0,0
stimulation_artifact,21,300,sham,161.54961662139394,0.491,0.0026649860160052447,0.9552118805190425,0.19800381861679994,0.0,0.0,0.7703770195567246,0.0,0.0,0
stimulation_artifact,21,300,rate,109.61080620442587,0.49066666666666664,0.0019224206821095021,0.9726505607439936,0.31246809316656704,0.0,0.02514720166346561,0.7703770007630527,0.0,0.0,0
stimulation_artifact,21,300,combined,114.87607061499396,0.49066666666666664,0.0019873585400114616,0.9730158847193064,0.3160098292091213,2.0833333333333333e-05,0.026868308831035848,0.7674134828846403,0.0,0.0,0
stimulation_artifact,22,300,sham,13.610851444974433,0.49066666666666664,0.003293705086239861,0.9301510041595155,0.2178753789910359,0.0,0.0,0.8495875641608411,0.0,0.0,0
stimulation_artifact,22,300,rate,9.75326560215262,0.49033333333333334,0.002388457930911108,0.972173796815355,0.3341039768289773,0.0,0.029524607544706698,0.8480761952439002,0.0,0.0,0
stimulation_artifact,22,300,combined,10.197931703583597,0.49066666666666664,0.0024712372259029424,0.9701816930072262,0.3380347311470373,0.0,0.030003500478654133,0.8432233780408709,0.0,0.0,0
stimulation_artifact,23,300,sham,85.51808861595414,0.5093333333333333,0.0020895959852011425,0.9752087460616484,0.1640490696268104,0.05645833333333333,0.0,0.623380018227773,0.0,0.0,0
stimulation_artifact,23,300,rate,59.582317520256794,0.5096666666666667,0.001577410978027192,0.9720081839178106,0.2972075770785272,0.05585416666666667,0.021746434169123106,0.6233800633358144,0.0,0.0,0
stimulation_artifact,23,300,combined,60.40573924828782,0.5096666666666667,0.00161488837665931,0.9728943103040183,0.31409500396462936,0.05545833333333333,0.031265797110843284,0.6233800254794702,0.0,0.0,0
plasticity,0,100,sham,43.823254930269535,0.421,0.002887659848110403,0.9448688710736746,0.1691896784592268,0.041229166666666664,0.0,0.8841277483972352,0.027461858293547897,0.012971576858300094,0
plasticity,0,100,rate,33.30578123430824,0.42133333333333334,0.0021300966137274982,0.942185798362084,0.21907370124259212,0.0046875,0.028560147154098672,0.8825174432871122,0.027117886275252925,0.012809102075103123,0
plasticity,0,100,combined,30.678839055472874,0.42133333333333334,0.0019239191881693211,0.9415213889468071,0.23914027610930566,0.0007916666666666666,0.05307696164503855,0.8839267167661607,0.02781691337169659,0.013139286711941785,0
plasticity,1,100,sham,124.85633485276229,0.421,0.0017989093598258946,0.9541104088842852,0.18294835250324448,0.06175,0.0,0.5451649668499918,0.024623475467588037,0.011630870028242932,0
plasticity,1,100,rate,90.35279546575535,0.42133333333333334,0.0013865910829400523,0.9540722366607354,0.23201576450698086,0.06089583333333334,0.018788477969270703,0.5450581101523345,0.024221440016482423,0.01144096905001962,0
plasticity,1,100,combined,80.00365250718419,0.42133333333333334,0.0012314570062378614,0.9549004763622321,0.2621079887915651,0.059145833333333335,0.04284910728468251,0.545156996579438,0.02441717046489176,0.0115334220999153,0
plasticity,2,100,sham,133.54629870098495,0.421,0.0031319382115548517,0.956363079876207,0.15265486136618328,0.0704375,0.0,0.6094303480852785,0.025464108711200188,0.012027942164171032,0
plasticity,2,100,rate,100.21031863225083,0.42133333333333334,0.0024577994179671436,0.9474651789960664,0.19432093657137767,0.06533333333333333,0.033647119698336725,0.6093984783732519,0.0254493545080551,0.012020973033457238,0
plasticity,2,100,combined,92.93605228419703,0.42133333333333334,0.0022778513250225436,0.9453028590966965,0.21421527813240734,0.059354166666666666,0.06462184914520688,0.6092796848592937,0.02621356558162394,0.01238194724615579,0
plasticity,3,100,sham,330.72660591316526,0.5796666666666667,0.004421614664483194,0.9535946318089981,0.1910534502101078,0.0784375,0.0,0.5526865783090442,0.026199133182589346,0.012375130119240645,0
plasticity,3,100,rate,186.5356863935309,0.5793333333333334,0.002776648751488068,0.94952734054594,0.2358161867809156,0.0993125,0.03606009858125888,0.5491250236481733,0.02327662978953599,0.010994689037052925,0
plasticity,3,100,combined,171.01147736914075,0.5793333333333334,0.002594927114240275,0.9493001424086007,0.2556867261519342,0.10983333333333334,0.05459010879512211,0.5487629753917849,0.023153752869100066,0.010936648266450093,0
plasticity,4,100,sham,240.09006905781354,0.421,0.002660820405002419,0.9536960631332825,0.16237592147393587,0.43485416666666665,0.0,0.5307816854577001,0.028418507819149296,0.013423449150230889,0
plasticity,4,100,rate,169.81201778583872,0.42133333333333334,0.0020037605878482053,0.9507921392609636,0.20831507808409924,0.395125,0.0268764985424743,0.530945840599365,0.02806309279651805,0.013255569277231148,0
plasticity,4,100,combined,162.24623756558557,0.42133333333333334,0.0018983383526612295,0.9490798428920286,0.23221486150837592,0.23485416666666667,0.05454024582673383,0.5317024822458054,0.029008015275683315,0.013701902312403166,0
plasticity,5,100,sham,75.92364802485417,0.421,0.0015954577006110663,0.9669074480671935,0.1838709136781205,0.034166666666666665,0.0,0.7496415772253501,0.020964112422843885,0.00990237414570216,0
plasticity,5,100,rate,54.90288798718651,0.42133333333333334,0.001194921601653729,0.965699460397295,0.2327893351668883,0.005833333333333334,0.01625644279957706,0.7490187911465366,0.020807219574546714,0.009828265991095498,0
plasticity,5,100,combined,48.88933561880466,0.42133333333333334,0.0010647010555981358,0.9623822366618531,0.25574438686075607,0.00275,0.034394382952017744,0.7497502763413217,0.02110282803532112,0.009967896304088316,0
plasticity,6,100,sham,20.112939620677825,0.421,0.004717778093194319,0.8912817068115316,0.18905203075341312,0.058708333333333335,0.0,0.8861247847693108,0.042574204387811634,0.020109875977592187,0
plasticity,6,100,rate,14.777294180039927,0.42133333333333334,0.00347660311260561,0.8888398705721431,0.24923074338460655,0.058145833333333334,0.04241419701789961,0.8839535863293202,0.04238651562687133,0.020021221409428837,0
plasticity,6,100,combined,13.067848264416284,0.42133333333333334,0.0030199193110675314,0.9000437420492855,0.27131408014635167,0.0579375,0.07403120734959934,0.8826365223437415,0.04196680799910982,0.01982297299909424,0
plasticity,7,100,sham,265.5091109040963,0.421,0.00244148692631773,0.9641027632740315,0.15235625186057264,0.4124791666666667,0.0,0.5700967254450744,0.02142264241527178,0.010118960254880197,0
plasticity,7,100,rate,191.9232888067396,0.42133333333333334,0.001856522409693181,0.9635588179627791,0.19132242604025954,0.10604166666666667,0.02543459841761964,0.5699817679862587,0.02093994862203712,0.00989096040246521,0
plasticity,7,100,combined,173.326833746609,0.42133333333333334,0.0016862340494216593,0.9634404403772067,0.2148032071880811,0.07522916666666667,0.053635852504550656,0.5708456997274354,0.021226021045018396,0.010026086379086436,0
plasticity,8,100,sham,13.76627369955877,0.579,0.0032677098769810205,0.9212571999088305,0.23319590202653104,6.25e-05,0.0,0.9083120368493477,0.03206863548222432,0.01514758271097086,0
plasticity,8,100,rate,8.527512318511707,0.579,0.0023095152925292468,0.924223177444745,0.28805657487723346,0.0002708333333333333,0.026993487898267304,0.9092232885820296,0.03190882135824465,0.01507209469518939,0
plasticity,8,100,combined,8.500702550545995,0.5786666666666667,0.0023436061318555497,0.9172611839754753,0.3100531459218713,0.0005208333333333333,0.040316118646850425,0.9148040938668265,0.032444947049249453,0.015325333042436126,0
plasticity,9,100,sham,87.77898070185843,0.421,0.0027152952373289624,0.952200537549503,0.1640104750876716,0.06933333333333333,0.0,0.5766508252474899,0.02773251597668158,0.013099421700463925,0
plasticity,9,100,rate,61.35425116760818,0.42133333333333334,0.001986865301772551,0.9470004002854852,0.22276461924463906,0.06722916666666667,0.026592872276577178,0.5766673508695231,0.027690597634937777,0.013079621620443882,0
plasticity,9,100,combined,55.155077099839964,0.42133333333333334,0.0017820125613856306,0.9416254071933191,0.2481054679726422,0.0591875,0.05094489320560155,0.5773451103406627,0.028006177231708444,0.013228685276320389,0
plasticity,10,100,sham,102.0922585342943,0.5776666666666667,0.00630636051481432,0.9065373639141309,0.18882639163072834,0.0765625,0.0,0.7960689164961664,0.0378671646448194,0.017886511223880935,0
plasticity,10,100,rate,61.20464092983484,0.5783333333333334,0.004330666769171595,0.9150767732784941,0.22809224844660594,0.0794375,0.05482757769972095,0.799645863631496,0.03543357829211101,0.016737009537650314,0
plasticity,10,100,combined,57.66179841319113,0.577,0.004167520652573085,0.9105491980555146,0.25392094858447645,0.08545833333333333,0.0791689423071912,0.8041457063548814,0.036377389128399835,0.017182817489601362,0
plasticity,11,100,sham,36.010347877218614,0.422,0.004189698197825582,0.9382778470544882,0.15446001939521942,0.058291666666666665,0.0,0.8640654711879735,0.028901653968751474,0.013651662672650734,0
plasticity,11,100,rate,26.788716620362187,0.422,0.0031006753703690416,0.9323870935812155,0.2042560895689698,0.0575625,0.04086267114506904,0.8627679126735353,0.02861190832294136,0.013514801653494179,0
plasticity,11,100,combined,23.522796174127453,0.4216666666666667,0.002694836431296267,0.9327384344373837,0.2236100484070738,0.05625,0.07481989402910279,0.8622817292298672,0.02839281197579799,0.013411311748478335,0
plasticity,12,100,sham,29.810355187859376,0.421,0.0012802965210159266,0.9589846953302286,0.22282148149396974,0.026458333333333334,0.0,0.6999609004216463,0.021847720430465744,0.010319745361478845,0
plasticity,12,100,rate,20.54407144144353,0.42133333333333334,0.0009246918749718688,0.9571515182863267,0.29222840077020024,0.0037708333333333335,0.012112588520811268,0.699891288460524,0.021947331487348804,0.010366796528463732,0
plasticity,12,100,combined,18.081447753569844,0.42133333333333334,0.0008232095412757837,0.9553394005861521,0.3356291736707086,0.0055625,0.026691310095911053,0.7001462009800935,0.022171990998544742,0.010472914187556073,0
plasticity,13,100,sham,249.30225667641596,0.5793333333333334,0.0025963681198818323,0.9681299011739128,0.19690769817304224,0.010354166666666666,0.0,0.6487392550235352,0.018254868241604372,0.008622665804438007,0
plasticity,13,100,rate,159.31685189923084,0.5793333333333334,0.0018207298096077616,0.967806535229487,0.23348365206528768,0.0081875,0.023856505094624676,0.6480948049609647,0.016979985488169487,0.008020476417080995,0
plasticity,13,100,combined,159.31685189923084,0.5793333333333334,0.0018207298096077616,0.967806535229487,0.23348365206528768,0.0081875,0.023856505094624676,0.6480948049609647,0.016979985488169487,0.008020476417080995,0
plasticity,14,100,sham,372.39567084913864,0.58,0.0016756084097027378,0.9649110626866285,0.24859747736768936,0.07885416666666667,0.0,0.5572191778374235,0.0178460706814082,0.008429570751842823,0
plasticity,14,100,rate,186.50259963650075,0.5796666666666667,0.0010210193718195215,0.967379929378998,0.2971650996443477,0.09172916666666667,0.013296539350261663,0.5555401248289363,0.016624715287517935,0.007852664950574401,0
plasticity,14,100,combined,186.50259963650075,0.5796666666666667,0.0010210193718195215,0.967379929378998,0.2971650996443477,0.09172916666666667,0.013296539350261663,0.5555401248289363,0.016624715287517935,0.007852664950574401,0
plasticity,15,100,sham,142.62070930080367,0.5796666666666667,0.004215834079715742,0.9442598896041011,0.20355352301032906,0.07679166666666666,0.0,0.6159112683109589,0.029145385838460405,0.013766789138126694,0
plasticity,15,100,rate,85.8345639456569,0.5793333333333334,0.002719460029508931,0.9387214573355421,0.25172971781518577,0.07666666666666666,0.03486821657388337,0.6126345809767885,0.02761661664868195,0.01304467678754086,0
plasticity,15,100,combined,81.9345943100512,0.579,0.0026487483917228363,0.9332701510625423,0.2766265757241466,0.08016666666666666,0.05125904589144854,0.6120784231025019,0.028290368179739355,0.013362922540434911,0
plasticity,16,100,sham,49.29075351972377,0.421,0.001457116652446987,0.9551596603974838,0.21584063730613717,0.057958333333333334,0.0,0.6570842741679692,0.025560674628004522,0.01207355496277757,0
plasticity,16,100,rate,36.18420449558814,0.42133333333333334,0.0010910332121960443,0.9523536460552168,0.27924869518506895,0.057625,0.01422731007133246,0.6568665067008208,0.02555522912741529,0.012070982786902018,0
plasticity,16,100,combined,32.44568656664445,0.42133333333333334,0.0009701227869600016,0.9512599934774606,0.3133555532676964,0.05702083333333333,0.031925316190164164,0.6575920114904359,0.02590479663964915,0.012236100595158656,0
plasticity,17,100,sham,71.2508747791192,0.579,0.005141704398721624,0.9125727190961831,0.1928278756791637,0.0319375,0.0,0.8809919243171461,0.032247001375047664,0.01523183363321077,0
plasticity,17,100,rate,45.602605703129804,0.579,0.003533058776147524,0.9278129282192149,0.23620330921239494,0.017145833333333332,0.04464921564266383,0.878150768659453,0.030202660631671294,0.014266191658301392,0
plasticity,17,100,combined,43.37518652769132,0.579,0.003418707202408367,0.9208324262847559,0.2611573222076324,0.021,0.06611374719267944,0.8792385971463327,0.030941733701667577,0.014615291964218744,0
plasticity,18,100,sham,176.03185137700888,0.5793333333333334,0.0035162404481765726,0.9651816474265729,0.18347817958862409,0.00675,0.0,0.6948347171205097,0.021122602556608517,0.009977236776243723,0
plasticity,18,100,rate,115.97584878317139,0.579,0.0024926107418613667,0.9636383491290906,0.21754878931422958,0.008083333333333333,0.03270821738312114,0.6933376901621524,0.019202266538229637,0.009070168289111606,0
plasticity,18,100,combined,116.35852764935818,0.5793333333333334,0.0025193868823613014,0.9610209915035,0.23830802068942447,0.010604166666666666,0.043481480113732575,0.6938827085223671,0.020323992231425742,0.009600014117011337,0
plasticity,19,100,sham,123.92382016947609,0.4206666666666667,0.0013825033919433725,0.9590047561014784,0.20320730974088336,0.4335833333333333,0.0,0.4325658732304062,0.02261211498359281,0.010680806240533972,0
plasticity,19,100,rate,86.99491867145181,0.421,0.0010408325207875047,0.9547763556552142,0.2593330177986626,0.2986875,0.01376969902451611,0.4325579870018126,0.021864278723636103,0.01032756665201952,0
plasticity,19,100,combined,81.31804152949788,0.42133333333333334,0.0009518957555151762,0.9553968769825543,0.2946094809075563,0.11885416666666666,0.034823850107748425,0.432541972599304,0.022067900502033538,0.010423747162466622,0
plasticity,20,100,sham,64.1451032581378,0.579,0.004804000962539374,0.9382663222274137,0.18998335846151443,0.0012291666666666666,0.0,0.9107548573303708,0.03078634277892414,0.014541893242403629,0
plasticity,20,100,rate,38.88860885951443,0.579,0.003415025743656815,0.9367887024027988,0.230323380378066,0.0027916666666666667,0.04297024324838382,0.9126364423256772,0.029163765886542896,0.013775470932483758,0
plasticity,20,100,combined,37.40980259580781,0.579,0.0033296767435099543,0.936216420946321,0.24438079394835535,0.004645833333333333,0.06274844483187628,0.921944732551976,0.029794112228728676,0.01407321429484499,0
plasticity,21,100,sham,159.94623588003947,0.5793333333333334,0.0028091024777785597,0.9623533088531456,0.1993882129460754,0.0010416666666666667,0.0,0.7505386985417142,0.021076441242801548,0.009955432533299302,0
plasticity,21,100,rate,104.01894539857051,0.579,0.002010061570941647,0.9616863798336867,0.23838545122983004,0.0017083333333333334,0.025782836430874964,0.749760357875112,0.02022415809514864,0.009552857578734596,0
plasticity,21,100,combined,104.64135000055377,0.579,0.0020420285491208525,0.9589454374961228,0.2591997593569038,0.002979166666666667,0.03687409018102639,0.7499867925577705,0.020906176552222794,0.009875008204527387,0
plasticity,22,100,sham,12.79981128943927,0.579,0.0035243815392970246,0.9298357169274003,0.21711588977418209,0.0,0.0,0.9137846089323176,0.029506603459971963,0.013937409861966142,0
plasticity,22,100,rate,8.59326591415156,0.579,0.002530039092184945,0.9296463638596555,0.2650185274042679,0.0,0.03043605230217813,0.9138456681220196,0.028858034034627708,0.013631058847446954,0
plasticity,22,100,combined,8.323817407387837,0.5786666666666667,0.0024704169594985535,0.9216728975917925,0.2808361823823793,0.0,0.041156634527719886,0.9159729980758049,0.028989934164355077,0.0136933617204753,0
plasticity,23,100,sham,87.32366569288025,0.421,0.0018784083196357148,0.9650912510707371,0.16906443529950185,0.058229166666666665,0.0,0.6969836975196697,0.02157422968831914,0.010190562327182372,0
plasticity,23,100,rate,63.06845343511668,0.42133333333333334,0.0014081280395879718,0.9634844752919046,0.21441254116733002,0.057833333333333334,0.019294276793377453,0.6965619551760537,0.021257603073614694,0.010041004113600116,0
plasticity,23,100,combined,52.60626537682799,0.42133333333333334,0.0012101379236755362,0.9622079965795891,0.23962951868832957,0.05725,0.04152249439980506,0.6966911912893752,0.021457278477360096,0.010135320558565395,0
plasticity,0,200,sham,41.121983253418364,0.584,0.003340540650232743,0.954845836371167,0.1589278222775311,0.052083333333333336,0.0,0.7633554102542564,0.02762350536583107,0.013047930665082806,0
plasticity,0,200,rate,30.626641003910482,0.5836666666666667,0.0024770022872578133,0.9467152032242017,0.21263248552507485,0.0076458333333333335,0.033155814905930676,0.7631084952310374,0.027919155107768,0.013187580477184673,0
plasticity,0,200,combined,28.579426511566446,0.5836666666666667,0.002314709871850784,0.9440849463316304,0.22831010166147683,0.0047083333333333335,0.056378592900209315,0.773177391428341,0.028733339638105055,0.013572159594125966,0
plasticity,1,200,sham,119.89785240800609,0.584,0.002171376731928144,0.9633774191609145,0.16721033285571613,0.0785,0.0,0.45023381441759913,0.025106812973555766,0.011859173937619186,0
plasticity,1,200,rate,83.96027556665538,0.5836666666666667,0.001645922109690875,0.9623127196813812,0.21740914189365154,0.07485416666666667,0.022274024203555697,0.4505323659114544,0.02489666989759146,0.011759913099842763,0
plasticity,1,200,combined,85.60534310563136,0.5836666666666667,0.0016097160548914568,0.9597144105197858,0.22112692348009233,0.07470833333333333,0.0363688371615224,0.45099223237228864,0.02495603435737553,0.01178795383344911,0
plasticity,2,200,sham,127.58782019061654,0.584,0.003569943312439962,0.9593485104763942,0.14520956760873613,0.088875,0.0,0.545609116592295,0.025929556211078078,0.012247795749955565,0
plasticity,2,200,rate,93.68262670090822,0.5836666666666667,0.0027729333218108566,0.9584429590763165,0.18688056290035204,0.0754375,0.03783096589166958,0.5466463286558134,0.026131836817722208,0.012343342759484068,0
plasticity,2,200,combined,90.29273405236304,0.5836666666666667,0.002664172973614956,0.9559402743464005,0.19590991515645192,0.07577083333333333,0.062438810804531425,0.5467633785453437,0.026681129222815,0.012602800388831204,0
plasticity,3,200,sham,335.4072915724928,0.41533333333333333,0.003889204376390668,0.9465390705076678,0.19468199489862875,0.05445833333333333,0.0,0.5075209067126081,0.024541331947556297,0.011592069631995099,0
plasticity,3,200,rate,200.98173768304036,0.4156666666666667,0.002544667171891474,0.9414303516628821,0.26660542440509793,0.06370833333333334,0.03153660964240746,0.5040886240094751,0.023100566688473097,0.010911525835825041,0
plasticity,3,200,combined,174.59743249010066,0.4156666666666667,0.0022754392081766775,0.9439883880391068,0.2828255356884121,0.0741875,0.04929349957034439,0.5050904854751466,0.022197097262734947,0.01048477310227668,0
plasticity,4,200,sham,232.68119710449952,0.584,0.003163296612250791,0.9583648502094958,0.15223715351883116,0.45145833333333335,0.0,0.47055091274145133,0.02920405950234212,0.013794503575091339,0
plasticity,4,200,rate,159.91151332230953,0.5836666666666667,0.0023365707381046296,0.9588584065671687,0.19741893063358293,0.41070833333333334,0.030754126171055135,0.46970913548999166,0.0289241513708211,0.013662289294379253,0
plasticity,4,200,combined,162.82495804805075,0.5836666666666667,0.0023072627659753374,0.9570771875000286,0.20735729621868318,0.2560208333333333,0.053443064834616666,0.47232644045280897,0.029605279675589333,0.013984019457765031,0
plasticity,5,200,sham,71.79512656394428,0.584,0.0019170049109125482,0.9688254889486494,0.16913924932460175,0.041604166666666664,0.0,0.6951832283368535,0.021171044952974106,0.010000118485883759,0
plasticity,5,200,rate,50.113125701563106,0.5836666666666667,0.0014357164402505306,0.9628259178975138,0.221300628700514,0.0115625,0.019794850031833414,0.695130518260609,0.021260805005626767,0.010042516542465754,0
plasticity,5,200,combined,47.34352601282052,0.5836666666666667,0.0013305764143066764,0.9650087105872774,0.2288820060405382,0.008291666666666666,0.035076228623692626,0.6957934755721744,0.020923345168742218,0.009883117780592369,0
plasticity,6,200,sham,17.91242977429881,0.584,0.005375566629593483,0.8920387342077838,0.17208929291214328,0.0734375,0.0,0.7361628282360536,0.04217587199515668,0.019921724134725857,0
plasticity,6,200,rate,12.850740271399815,0.5843333333333334,0.003961719786033277,0.8880504094939833,0.24124985261569412,0.0725625,0.049789620029020314,0.7380755237464345,0.044078032390873656,0.02082020738761051,0
plasticity,6,200,combined,11.807785314303366,0.5833333333333334,0.003665983368134332,0.8825919267275222,0.26963271015559265,0.07233333333333333,0.08070854286136885,0.7433011347070242,0.04595887657834488,0.021708621954297888,0
plasticity,7,200,sham,258.3306723509597,0.584,0.0028462473968070712,0.9677570259257957,0.14508784478349934,0.43145833333333333,0.0,0.5450423056539286,0.021991209215939677,0.01038752212258493,0
plasticity,7,200,rate,182.32168958982462,0.5836666666666667,0.002136671143483362,0.9671641566294146,0.18479263929524978,0.11552083333333334,0.028953750747176692,0.5457920654887003,0.021661224979656838,0.010231654451969743,0
plasticity,7,200,combined,182.40238175824476,0.5836666666666667,0.0020898884789560973,0.9670010475728361,0.19162468441553462,0.1463125,0.044315864880462394,0.5532866144610543,0.022083118167775438,0.01043093520919952,0
plasticity,8,200,sham,15.461500966485813,0.416,0.0028078391366271323,0.9178966506248056,0.2570106984581864,0.0,0.0,0.841507643858746,0.030409385689394917,0.014363837999133783,0
plasticity,8,200,rate,10.077251173794615,0.416,0.0020486324660192877,0.915989570295753,0.33857710086864196,0.0,0.023917456198436764,0.8402511207683763,0.03117195964923304,0.014724038923063957,0
plasticity,8,200,combined,8.710141538788518,0.4116666666666667,0.00187672861183056,0.9148849130067801,0.37561697303607017,0.0,0.044243788839939235,0.8395859812961352,0.03192076381073107,0.015077735698746306,0
plasticity,9,200,sham,83.78547273567949,0.5843333333333334,0.003221902464336596,0.9520770522976358,0.15441122814467828,0.0854375,0.0,0.5265425364319118,0.028587663072391505,0.013503349437565978,0
plasticity,9,200,rate,56.94444853362571,0.5836666666666667,0.0023331971894137147,0.9551141596618982,0.2139432533198776,0.07554166666666666,0.030387991505050928,0.5279692687551611,0.028899029095692415,0.013650422816910916,0
plasticity,9,200,combined,54.76561038424775,0.5833333333333334,0.0022337278472515324,0.9480315580040067,0.22997947224014142,0.07470833333333333,0.04764667103397931,0.5305782257443875,0.029998318123948115,0.014169670712194783,0
plasticity,10,200,sham,107.75215703333002,0.41533333333333333,0.00568794716773517,0.8960438405169093,0.2020512992017852,0.053020833333333336,0.0,0.6519751203174432,0.0366787408831377,0.01732516064082519,0
plasticity,10,200,rate,67.87200692617746,0.4156666666666667,0.003967625992694787,0.9109074137728841,0.264801711551921,0.05358333333333333,0.04888191886341658,0.6435356179606293,0.03524760961379227,0.01664916744851431,0
plasticity,10,200,combined,58.9213212101359,0.416,0.003565352172874715,0.9130144834326502,0.2851448989853546,0.05708333333333333,0.07817582321643556,0.6371416930707003,0.034864714526233825,0.01646830739877399,0
plasticity,11,200,sham,32.8084552213671,0.5853333333333334,0.004686906892444067,0.9407324542342294,0.14794052346780928,0.07291666666666667,0.0,0.7564050951211466,0.02932737931946796,0.01385275354743157,0
plasticity,11,200,rate,23.73377933774497,0.585,0.0034719657922697594,0.9309298241819758,0.2014498646207917,0.07158333333333333,0.04670886074651768,0.7574445554955865,0.029822093084710944,0.01408643101965835,0
plasticity,11,200,combined,21.835094896556033,0.5853333333333334,0.0032386515276799097,0.9285420103607573,0.22397139242103067,0.07027083333333334,0.07619572162529248,0.7710229738389431,0.03157261981987344,0.014913290289156415,0
plasticity,12,200,sham,27.2929176438413,0.584,0.0015597653531041675,0.9654167409747285,0.19775131581604594,0.03314583333333333,0.0,0.6130692673359447,0.022022155930973744,0.010402139767475359,0
plasticity,12,200,rate,17.712374050554374,0.5836666666666667,0.0011390876795195606,0.959565595507314,0.27242870470539826,0.0076875,0.015334375518610308,0.6133497204887877,0.022507760128177356,0.01063151434582354,0
plasticity,12,200,combined,17.48872133010516,0.582,0.0010575164963321547,0.9586327352420436,0.29813113557664855,0.0048125,0.028631499694787156,0.6145930256098325,0.02255359064914711,0.010653162339154653,0
plasticity,13,200,sham,255.85839206215826,0.4156666666666667,0.0022651661479626962,0.9611026865882992,0.20231812040681357,0.0056875,0.0,0.6123009562123491,0.017072030210710725,0.00806395363483029,0
plasticity,13,200,rate,169.99280116988962,0.4156666666666667,0.0016272712323364977,0.9612853974111271,0.25820064236099166,0.005145833333333333,0.021576198003257493,0.6105187997711045,0.016467029276489107,0.007778182146472876,0
plasticity,13,200,combined,169.99280116988962,0.4156666666666667,0.0016272712323364977,0.9612853974111271,0.25820064236099166,0.005145833333333333,0.021576198003257493,0.6105187997711045,0.016467029276489107,0.007778182146472876,0
plasticity,14,200,sham,376.155840575907,0.415,0.001362745183637862,0.9597573834816454,0.2648274713439552,0.0554375,0.0,0.536119303722316,0.01679415696333417,0.007932700529280707,0
plasticity,14,200,rate,208.14393283105036,0.41533333333333333,0.0009191454142863707,0.9615899152456805,0.34705415312372273,0.057354166666666664,0.011885492963484661,0.5349700956732715,0.01664729703179285,0.007863331411246361,0
plasticity,14,200,combined,208.14393283105036,0.41533333333333333,0.0009191454142863707,0.9615899152456805,0.34705415312372273,0.057354166666666664,0.011885492963484661,0.5349700956732715,0.01664729703179285,0.007863331411246361,0
plasticity,15,200,sham,146.11117639591984,0.41533333333333333,0.003666902214177512,0.9371832532322476,0.21314134995478048,0.0531875,0.0,0.5954850953204215,0.027478941113345017,0.012979645908383512,0
plasticity,15,200,rate,92.55148609563335,0.4156666666666667,0.002452906896874602,0.9279864082299535,0.2896333777814044,0.0530625,0.030138475271193718,0.5911753177718652,0.027170049106483216,0.012833741127829836,0
plasticity,15,200,combined,77.89147844522735,0.4156666666666667,0.0021294866397353848,0.9309519478201861,0.3231912718738104,0.053375,0.052808728702168004,0.590360111821903,0.027244122466730497,0.012868729593479495,0
plasticity,16,200,sham,46.82081259333886,0.584,0.0018097478469559372,0.9609329343535808,0.19115849858649436,0.07239583333333334,0.0,0.5722285165559653,0.02586836000839561,0.012218889794720725,0
plasticity,16,200,rate,33.02503888275006,0.5836666666666667,0.001346830283322132,0.9578742991326821,0.25712815557480295,0.07177083333333334,0.017687479185248604,0.5728192434734029,0.0261838937441053,0.012367931788178419,0
plasticity,16,200,combined,32.986752234948845,0.5836666666666667,0.0012675940881378646,0.9531038104540895,0.26433566241296236,0.07139583333333334,0.031379918011574116,0.5747490312186921,0.025628230349839708,0.012105464829495989,0
plasticity,17,200,sham,75.1052291509519,0.4156666666666667,0.004616567830270142,0.9179049211733711,0.20354746724855313,0.023395833333333334,0.0,0.7757346945694704,0.030741267280557972,0.014520601883121684,0
plasticity,17,200,rate,49.875515996352306,0.416,0.0032328690346150072,0.9056828788733537,0.27117991200505104,0.012520833333333333,0.040141539978355276,0.7692930564922947,0.029916869364652144,0.014131198485372068,0
plasticity,17,200,combined,43.82396860636018,0.416,0.00289695480197591,0.9109582016083102,0.29505069472563833,0.018333333333333333,0.06693671233218444,0.7633622253421322,0.029745049398102016,0.014050039523802496,0
plasticity,18,200,sham,180.73273042654824,0.4156666666666667,0.0031392101155013155,0.9527322187715836,0.18709608284711782,0.0030416666666666665,0.0,0.5714175518203668,0.019799296166665734,0.009352174540441916,0
plasticity,18,200,rate,122.79018809951116,0.416,0.0022589953027692417,0.950580597006191,0.23687510466362766,0.006416666666666667,0.02966321021985781,0.5692085035289919,0.018551979751847653,0.00876300608110255,0
plasticity,18,200,combined,108.19626833316418,0.416,0.0020232955756960547,0.9569592072836115,0.2509735349723611,0.008833333333333334,0.051522991144708104,0.5685850732404898,0.01766800986765835,0.008345463933348507,0
plasticity,19,200,sham,123.20277173237656,0.584,0.001747192065539411,0.9678396138336086,0.18227944649135056,0.4505625,0.0,0.36135690565769535,0.023407561320915635,0.0110565343937758,0
plasticity,19,200,rate,82.96812978803558,0.584,0.0012667216050496158,0.9682985651261766,0.23627121071505117,0.29735416666666664,0.016440873377858174,0.36157292854276724,0.022676072543338772,0.010711016519570188,0
plasticity,19,200,combined,94.84767136705197,0.5833333333333334,0.00130130185589412,0.964710072087407,0.2376004054088694,0.19145833333333334,0.029591049190470804,0.3619787372897929,0.023003623304825783,0.010865734741193341,0
plasticity,20,200,sham,68.41465332339133,0.416,0.004308109147610388,0.9310818774455799,0.20002846630422333,0.0,0.0,0.8333158670335888,0.029262837592465816,0.013822267337669608,0
plasticity,20,200,rate,43.28451958678303,0.416,0.003109201526062843,0.9248527096858784,0.25848944609331226,0.0008333333333333334,0.03858024641459538,0.8294651667596533,0.02846895287367571,0.013447276813127268,0
plasticity,20,200,combined,38.53310730918885,0.41633333333333333,0.002872606220761477,0.9271298050821374,0.2745418654544811,0.00175,0.06065666387525572,0.8171220618473661,0.028223452805325025,0.01333131514107589,0
plasticity,21,200,sham,166.34526629345402,0.4156666666666667,0.0024468652116101087,0.9562317719002149,0.20705420173944264,0.0,0.0,0.6838791863789969,0.01978049837917745,0.009343295427362536,0
plasticity,21,200,rate,112.35914747859493,0.416,0.0017850587496936905,0.9518441831815047,0.26419913842561205,0.0,0.023110258780103952,0.6818881044492416,0.019481175713099052,0.009201910713809403,0
plasticity,21,200,combined,98.3658553523836,0.416,0.0016044007813978058,0.9521836855080585,0.2815341645719402,0.00047916666666666664,0.04302296951217013,0.6805838671461111,0.01912719660335837,0.009034709092594745,0
plasticity,22,200,sham,14.830845268046662,0.416,0.0030838193852805074,0.9210181868839526,0.23570182901222936,0.0,0.0,0.8348746263436748,0.027880239022975387,0.013169198509748386,0
plasticity,22,200,rate,10.42671026844305,0.416,0.002270528628817691,0.9136168580103513,0.30549593626919336,0.0,0.027032373874695974,0.8335437221479661,0.028070825400937166,0.013259221763944772,0
plasticity,22,200,combined,9.243712756217567,0.41633333333333333,0.0020710085676799855,0.9092947293988971,0.33471221982139454,0.0,0.048652816066959086,0.832320214618368,0.028412006474874428,0.013420378247816334,0
plasticity,23,200,sham,82.91811233599871,0.584,0.0022356461885907953,0.9684527214125817,0.15789363095966455,0.0728125,0.0,0.6715811747393741,0.021915348496858236,0.01035168940006583,0
plasticity,23,200,rate,57.98840640020502,0.5836666666666667,0.0016681776922316252,0.9644414438329373,0.20581195270307848,0.0721875,0.022912978957790642,0.6716175084644483,0.021826059234382092,0.010309513720676202,0
plasticity,23,200,combined,54.89444068602249,0.5836666666666667,0.0015652179196853921,0.9632386557210538,0.2169175153399029,0.0716875,0.04076104994525,0.6737261553732693,0.02189914610531973,0.010344036219247288,0
plasticity,0,300,sham,42.75460608956331,0.5093333333333333,0.0031531117126432496,0.9549480266338309,0.1669265543115801,0.03991666666666667,0.0,0.8559500318647763,0.026909542607081192,0.012710691185506821,0
plasticity,0,300,rate,31.427227494292552,0.5096666666666667,0.002334511179092909,0.9523736723183196,0.22889004015402398,0.006125,0.03164747045713529,0.8560713984563113,0.02747580084015209,0.01297816260398915,0
plasticity,0,300,combined,28.255262635910064,0.5096666666666667,0.0021622782788683036,0.9477984809093546,0.23776366929275675,0.0033125,0.04498689068941793,0.8564098925215292,0.02791542052343709,0.01318581645061491,0
plasticity,1,300,sham,123.63154769010046,0.5093333333333333,0.0020511103246975484,0.968584229158337,0.17152909471158018,0.06085416666666667,0.0,0.6285694444389205,0.02456757554614248,0.011604465765295212,0
plasticity,1,300,rate,85.89949474718594,0.5096666666666667,0.0015862455601086012,0.9656799114238966,0.23308105516357683,0.058270833333333334,0.021568341638269657,0.6275433954914463,0.02497547500053406,0.011797136598657741,0
plasticity,1,300,combined,77.34607177354545,0.5096666666666667,0.0014730017099148368,0.9642142822900367,0.23893816489219946,0.058083333333333334,0.03482339332516099,0.6281494288062455,0.024848675267279057,0.011737242891977666,0
plasticity,2,300,sham,132.20309236853208,0.5093333333333333,0.003436000894380173,0.9652131875677045,0.15033031496687593,0.07052083333333334,0.0,0.715903703842167,0.025693487082958173,0.012136288771566224,0
plasticity,2,300,rate,96.41156550774924,0.5096666666666667,0.0026842978882375525,0.9590692482162528,0.20123396631828458,0.058541666666666665,0.037173315588904736,0.7148352320750481,0.02628507044074207,0.012415722483282031,0
plasticity,2,300,combined,90.40209809714943,0.5096666666666667,0.0025728790183373144,0.9565710711888327,0.20069247698478818,0.058145833333333334,0.0537691246716069,0.7157058861622531,0.026332577454554605,0.012438162366060584,0
plasticity,3,300,sham,329.23499480208585,0.49166666666666664,0.0043002378009886575,0.945587752610532,0.18970780892007988,0.0591875,0.0,0.5305506402316265,0.027191749203130784,0.012843991143268634,0
plasticity,3,300,rate,194.40491374127865,0.491,0.002737153215310185,0.9490753441100209,0.23855067490238116,0.07695833333333334,0.035733768673614844,0.5314600417362376,0.024054065840756644,0.011361910052579412,0
plasticity,3,300,combined,179.45345617552803,0.491,0.0025509746629708454,0.9470597849235723,0.2534117872807355,0.08947916666666667,0.05516454388603448,0.5436171258927669,0.024291135440343906,0.011473889602505172,0
plasticity,4,300,sham,238.14707122610454,0.5093333333333333,0.0030458505902465384,0.9629576777822985,0.15469384931229407,0.4351041666666667,0.0,0.5864127963233563,0.028766934640598155,0.013588028154521412,0
plasticity,4,300,rate,162.3345686768312,0.5096666666666667,0.0022833823371244187,0.9620464829463333,0.209911151156799,0.398875,0.030578957388651722,0.5856920059910173,0.02913306850076661,0.013760971057978378,0
plasticity,4,300,combined,163.11241477747936,0.5096666666666667,0.002293963344507233,0.9602224766822147,0.20238713075603978,0.23710416666666667,0.04436122420480626,0.5858361162243402,0.02915304838023124,0.013770408530829642,0
plasticity,5,300,sham,75.12133799266935,0.5093333333333333,0.001779687754104766,0.9735189470830365,0.176691381337686,0.03333333333333333,0.0,0.6799832218836653,0.02061347079197746,0.009736748978756314,0
plasticity,5,300,rate,52.149229586193975,0.5096666666666667,0.0013433845641750036,0.9714102518443153,0.23712533425735452,0.006604166666666667,0.018651458326887423,0.6799234324564835,0.020979426383475025,0.009909607677213451,0
plasticity,5,300,combined,47.472575620153066,0.5096666666666667,0.0012706712088387552,0.9694215977523347,0.2353785070739402,0.005333333333333333,0.027516466971236508,0.6800220203453846,0.020980236303091506,0.009909990241803298,0
plasticity,6,300,sham,19.231157143163852,0.507,0.005106969420987416,0.8968964018934964,0.1776527505369333,0.0570625,0.0,0.7606407075722256,0.04017414628327575,0.018976211320431487,0
plasticity,6,300,rate,13.376389598583987,0.5056666666666667,0.0037366695469929893,0.8874885179348913,0.2612908722267452,0.05629166666666666,0.0483507989724983,0.7613390345153016,0.042817056972904756,0.020224587114001845,0
plasticity,6,300,combined,11.950734103127225,0.5063333333333333,0.003386971267564748,0.8917049075923312,0.2891624538890752,0.0560625,0.07302688630647919,0.7613353678931467,0.04298279236797794,0.020302872035304696,0
plasticity,7,300,sham,264.97555078539904,0.5093333333333333,0.002748336051603527,0.975466049583084,0.14932660305692536,0.41672916666666665,0.0,0.507486084066676,0.021904821314176957,0.010346716897557118,0
plasticity,7,300,rate,186.7251961614632,0.5096666666666667,0.0020950713347955407,0.9748121309309,0.19971978489389608,0.0915,0.028450094849749908,0.5076002078818452,0.022099612645523847,0.010438726356600179,0
plasticity,7,300,combined,164.1387794892619,0.5096666666666667,0.0019062578603703708,0.9727720354773429,0.20339241191418259,0.108625,0.041885311244445084,0.5073020574119016,0.021039686627918698,0.009938071533662423,0
plasticity,8,300,sham,14.508384740498133,0.49066666666666664,0.003047394144497303,0.9233967892473143,0.23965200919520552,0.0,0.0,0.8742235619586259,0.03124722782967675,0.014759591760645355,0
plasticity,8,300,rate,9.776701529914467,0.49066666666666664,0.002186446817080215,0.9276481872040656,0.2978810251025106,0.0,0.026047300922967635,0.8732808502153533,0.030800628013163876,0.01454864085619965,0
plasticity,8,300,combined,9.347794732187284,0.49066666666666664,0.002094044176052099,0.9185516193121805,0.3186421935533573,0.0,0.04136620673727325,0.8660014295529137,0.031674521905355336,0.014961423620839003,0
plasticity,9,300,sham,86.7339953980112,0.5093333333333333,0.0030638180981234116,0.9598819864565897,0.1582671894096869,0.068125,0.0,0.5571989129877707,0.02802194036667611,0.013236130974808849,0
plasticity,9,300,rate,58.09424465769034,0.5096666666666667,0.002235581152754663,0.9537964817092441,0.22719159759310734,0.058395833333333334,0.029976604522903405,0.5574260926363971,0.02885124967615064,0.013627854263603181,0
plasticity,9,300,combined,50.512520098778126,0.5093333333333333,0.002062472055326212,0.957770952169657,0.23610590718453378,0.0581875,0.04029538269843243,0.5572359125059884,0.028886422752393122,0.013644468225300584,0
plasticity,10,300,sham,104.2465284809768,0.49066666666666664,0.0060542955158113705,0.9051498972224119,0.19203871879520354,0.058,0.0,0.7441040550881367,0.03868905184258906,0.018274728686835034,0
plasticity,10,300,rate,66.92037996509757,0.49066666666666664,0.004248618518052207,0.9257035819748489,0.23191930282798467,0.059416666666666666,0.051868016882756926,0.7407016409757339,0.035912206483673915,0.01696308900783822,0
plasticity,10,300,combined,61.79960292614688,0.49133333333333334,0.003978031422039195,0.9181620212388382,0.2445049466918539,0.0645625,0.07644004987751128,0.7386371788281114,0.0363105890053043,0.01715126452906825,0
plasticity,11,300,sham,34.6627706087117,0.5073333333333333,0.004474739696855859,0.9385772981433342,0.15521228381863897,0.0564375,0.0,0.8973255556712908,0.02880532343284049,0.013606161055934976,0
plasticity,11,300,rate,24.76117258021066,0.5073333333333333,0.0032889103532052,0.9299615353349899,0.21502354467257287,0.05545833333333333,0.044739229711166804,0.8975189510130437,0.0291247409617236,0.013757037554586675,0
plasticity,11,300,combined,21.406936163860866,0.5073333333333333,0.0029244595301367755,0.9305972051959371,0.23303402940336257,0.05402083333333333,0.06838128759363862,0.8979789489327067,0.028843684957774677,0.013624281077667081,0
plasticity,12,300,sham,28.93223913403743,0.5093333333333333,0.0014127584633184954,0.9707975231481999,0.20676825337630353,0.026375,0.0,0.7690189827728265,0.02133024312848684,0.010075315559121997,0
plasticity,12,300,rate,18.664297141481075,0.5096666666666667,0.0010345684631307913,0.9665494595758307,0.28688910829546127,0.0055625,0.014003263398030522,0.7684496057381716,0.02189256601372497,0.010340928120628062,0
plasticity,12,300,combined,17.21733378248995,0.5096666666666667,0.0010031615819257312,0.9653538351283568,0.2837406559927536,0.008479166666666666,0.018432177378623963,0.7691759384374061,0.021798345404793435,0.01029642312546816,0
plasticity,13,300,sham,250.59101773634305,0.491,0.0024969562242935185,0.9610294524321987,0.19444211063529784,0.0039791666666666664,0.0,0.6801245488048082,0.01846171341049178,0.008720368879638096,0
plasticity,13,300,rate,166.34601623835127,0.49066666666666664,0.001764877512180252,0.96471423503908,0.23397336802616048,0.0035625,0.0234922521529593,0.68232979244435,0.017041029937127056,0.008049310691621167,0
plasticity,13,300,combined,166.34601623835127,0.49066666666666664,0.001764877512180252,0.96471423503908,0.23397336802616048,0.0035625,0.0234922521529593,0.68232979244435,0.017041029937127056,0.008049310691621167,0
plasticity,14,300,sham,367.86895134730577,0.49166666666666664,0.001613995772286712,0.95946965484846,0.25076258666713386,0.0598125,0.0,0.5682761815532369,0.018442157629819128,0.00871113172935881,0
plasticity,14,300,rate,200.87926113123896,0.49133333333333334,0.0010281673472036876,0.9604811528776352,0.3087829533967249,0.07066666666666667,0.01305473988147988,0.5691008757388658,0.017238024863184362,0.008142361016064907,0
plasticity,14,300,combined,200.87926113123896,0.49133333333333334,0.0010281673472036876,0.9604811528776352,0.3087829533967249,0.07066666666666667,0.01305473988147988,0.5691008757388658,0.017238024863184362,0.008142361016064907,0
plasticity,15,300,sham,143.58135569380235,0.49133333333333334,0.004057037373320266,0.9431503733631735,0.20503307582356842,0.058145833333333334,0.0,0.5728392758105744,0.029774409018275202,0.01406390750627919,0
plasticity,15,300,rate,91.12191880637762,0.491,0.0026653082673309607,0.9356348834282419,0.2585900410686959,0.058125,0.03420938356496216,0.5705220348036995,0.028019719469107453,0.013235081936423242,0
plasticity,15,300,combined,85.92620763716019,0.491,0.0025193289043552868,0.9338682722678812,0.2743015155732365,0.061,0.05172696850965523,0.574908865591569,0.028563488233818143,0.01349193048065421,0
plasticity,16,300,sham,48.75469466738691,0.5093333333333333,0.001659736416792929,0.9636853146804347,0.1978332892179951,0.05614583333333333,0.0,0.6126763962998096,0.024988189531623156,0.011803142292645293,0
plasticity,16,300,rate,33.96238535241719,0.5096666666666667,0.0012502400570164177,0.9606163998463616,0.27164269762269844,0.05566666666666667,0.016568863357909913,0.6125047727531061,0.025618975067188035,0.01210109310749009,0
plasticity,16,300,combined,30.029147324136687,0.5093333333333333,0.0011571180608210489,0.9607830328633444,0.27580895555249474,0.05545833333333333,0.025526364431224892,0.6127471458556933,0.02539125217549061,0.011993528464177616,0
plasticity,17,300,sham,72.52135646522666,0.49066666666666664,0.004928248033806897,0.9202007170088804,0.19301571172785445,0.0205,0.0,0.7861332842154789,0.032182647845475004,0.015201436318287652,0
plasticity,17,300,rate,48.83153551579945,0.49066666666666664,0.003441850604743875,0.9314271447350801,0.23876200857822652,0.011125,0.04319280460493261,0.7826798337896228,0.03011586987566244,0.014225196145539134,0
plasticity,17,300,combined,45.50988694096963,0.49066666666666664,0.0032180075570449117,0.9280036014952482,0.25234415959884016,0.014395833333333333,0.06594077613817459,0.7770869957398419,0.03057660848239476,0.01444282549111809,0
plasticity,18,300,sham,177.87861569109128,0.491,0.0034011990804347315,0.9566843618635201,0.18064345212878902,0.002458333333333333,0.0,0.6604631841627441,0.021337738501322777,0.010078855989772838,0
plasticity,18,300,rate,121.21450963703668,0.49066666666666664,0.002425866833643219,0.9599673394480273,0.21674780573730426,0.0025625,0.03223456604573156,0.6640033119281367,0.01927146498311389,0.009102854094154034,0
plasticity,18,300,combined,109.98203967758332,0.49066666666666664,0.002221462972394969,0.9588605472261168,0.22703039848369191,0.005395833333333333,0.05454264862330894,0.6619353042102879,0.018963312835591137,0.008957298785299574,0
plasticity,19,300,sham,126.97429967439892,0.5093333333333333,0.001652028395725546,0.9717934431051368,0.18373404332406237,0.4339166666666667,0.0,0.395205903994756,0.022976505592009307,0.01085292572105084,0
plasticity,19,300,rate,85.25322326842664,0.5096666666666667,0.0012476537620939767,0.968437864912293,0.2536158200186835,0.29654166666666665,0.0161941737338622,0.39463968154788936,0.02300631007965699,0.010867003836163089,0
plasticity,19,300,combined,77.7491790808602,0.5093333333333333,0.001150659574297477,0.9659486185821748,0.25139740301676317,0.15966666666666668,0.028363939101819065,0.3952343359307518,0.022373405517687475,0.01056805210165956,0
plasticity,20,300,sham,66.28520011432968,0.491,0.004591998665310005,0.9342748668402895,0.19003598641335176,0.0,0.0,0.925494741123349,0.030538795637073176,0.014424964637563088,0
plasticity,20,300,rate,42.65898792467476,0.49066666666666664,0.0032991805051854907,0.9407449166934548,0.23281624610785312,0.000375,0.0417362163880877,0.9237931638037805,0.0288314651343649,0.01361850905827683,0
plasticity,20,300,combined,41.30016218561523,0.49066666666666664,0.003207930708805127,0.931978270514145,0.2479759824015621,0.0015,0.06108697215673215,0.9163084732467632,0.030118818724292187,0.014226589030763164,0
plasticity,21,300,sham,161.98330788311316,0.491,0.0026770170011966503,0.9544623210198876,0.19857317371740885,0.0,0.0,0.7601696468658815,0.02101156165617112,0.009924786735935168,0
plasticity,21,300,rate,109.82042699156337,0.49066666666666664,0.0019301202876154677,0.9564516536392031,0.2401443890546942,0.0,0.025246377919911803,0.7618071023909948,0.019982318849753,0.009438625092153444,0
plasticity,21,300,combined,101.06541967603633,0.49066666666666664,0.0018064539303496651,0.9555922556239318,0.2547832383699923,0.0005416666666666666,0.043476953416902615,0.7569652290156192,0.02038750291352119,0.009630013313909605,0
plasticity,22,300,sham,13.652854943656848,0.49066666666666664,0.0033205721242345974,0.9288007358754289,0.22031710434975157,0.0,0.0,0.8386008436705755,0.028638152962286043,0.013527198278396262,0
plasticity,22,300,rate,9.779393107647195,0.49033333333333334,0.00240930454148862,0.9312638267044019,0.27113126406791543,0.0,0.029732184847149307,0.8382748262966764,0.027804736408939133,0.013133534937731181,0
plasticity,22,300,combined,9.567123337989324,0.49033333333333334,0.0023468037083379844,0.923282751388934,0.28930333856874013,0.0,0.0447979335606842,0.8318569290847323,0.029106837267184694,0.01374858076527276,0
plasticity,23,300,sham,86.0925456997147,0.5093333333333333,0.0021063229585226054,0.9754009129169304,0.16405683894714496,0.05645833333333333,0.0,0.6180125728409843,0.021439905707019518,0.010127114550680274,0
plasticity,23,300,rate,59.89130794076715,0.5096666666666667,0.0015882545806520584,0.9718147592632047,0.22089738945121565,0.05583333333333333,0.021862840116317245,0.6178826416320172,0.02171627853987762,0.010257658937175928,0
plasticity,23,300,combined,52.88414489016977,0.5096666666666667,0.0014422452107097162,0.9716355914847712,0.22552334164545407,0.055625,0.03365910078033697,0.618760605399101,0.02082152460238324,0.009835022954374049,0
nominal,0,100,yoked,30.921861203356112,0.42133333333333334,0.0019601859672730313,0.941991483347247,0.2312762859030804,0.001875,0.04271105153462506,0.8615112041929013,0.0,0.0,0
nominal,1,100,yoked,74.66432694112984,0.42133333333333334,0.001142099460242053,0.9571117648256104,0.2848757117385727,0.059041666666666666,0.0643744444412438,0.5429660364744231,0.0,0.0,0
nominal,2,100,yoked,168.03291845526215,0.42033333333333334,0.003860391447104537,0.9501588568114059,0.1291085748559556,0.3985208333333333,0.0536660307645076,0.6120438857455381,0.0,0.0,0
nominal,3,100,yoked,506.04199901097525,0.58,0.006373382195165617,0.9392829320613963,0.1554925696771999,0.2425625,0.05438263639783609,0.5420022269734739,0.0,0.0,0
nominal,4,100,yoked,181.4828214560086,0.42133333333333334,0.00207640473138733,0.9494578728256758,0.20986293341412288,0.3290625,0.03441090175948495,0.5272444663045488,0.0,0.0,0
nominal,5,100,yoked,39.171655727754754,0.4216666666666667,0.0008556788074947908,0.9626145315003611,0.30174986583341296,0.00047916666666666664,0.073047526110461,0.7415308594687389,0.0,0.0,0
nominal,6,100,yoked,13.033070442573035,0.42133333333333334,0.0031440014231213093,0.903366624533347,0.25288396049049194,0.058125,0.05343045018155026,0.8487819395312032,0.0,0.0,0
nominal,7,100,yoked,338.1658263559224,0.42033333333333334,0.0030365993041871933,0.9545084050932843,0.13974545295235916,0.42452083333333335,0.03810538163485729,0.582384771661469,0.0,0.0,0
nominal,8,100,yoked,22.737826296304153,0.5793333333333334,0.004737335639969841,0.9143403949898455,0.1845887807978075,0.0,0.05079926736461331,0.901131520563311,0.0,0.0,0
nominal,9,100,yoked,134.69397585486146,0.4186666666666667,0.004024730864172988,0.9399652452248356,0.1307584647732789,0.3953333333333333,0.08140593184333761,0.5774670614495315,0.0,0.0,0
nominal,10,100,yoked,149.31230676059982,0.5776666666666667,0.00848845287348579,0.8959576252902679,0.1678301847055823,0.07752083333333333,0.07414428653251197,0.7747313801783586,0.0,0.0,0
nominal,11,100,yoked,28.972075063265404,0.422,0.003361884595587645,0.9293222449784,0.19209701446630204,0.0579375,0.026718506124399834,0.8448114036077875,0.0,0.0,0
nominal,12,100,yoked,47.50039139253092,0.42033333333333334,0.0019076257872235136,0.9597810578898299,0.17338954300991088,0.0548125,0.023775135131823114,0.6984132576921077,0.0,0.0,0
nominal,13,100,yoked,180.2729132327084,0.5793333333333334,0.0019895197430183998,0.9669314386529642,0.21732171786960428,0.008291666666666666,0.013239979275759305,0.6469152197126145,0.0,0.0,0
nominal,14,100,yoked,113.59803613124947,0.579,0.0007798863889806369,0.9652812349755889,0.3694865370579092,0.1228125,0.05036475332382137,0.5523572586051859,0.0,0.0,0
nominal,15,100,yoked,196.9650586287453,0.5796666666666667,0.005588641463829033,0.933035807235014,0.1748257201791577,0.07714583333333333,0.03188279611611671,0.6004342843645438,0.0,0.0,0
nominal,16,100,yoked,80.64724221177397,0.44166666666666665,0.0023482757770152745,0.9509114889594488,0.16092770556437716,0.08097916666666667,0.06497142539645526,0.6509176609929771,0.0,0.0,0
nominal,17,100,yoked,48.42822045488355,0.579,0.0037394220958170475,0.9202993054869222,0.24922257937747805,0.026875,0.045384986798092775,0.8471615831936309,0.0,0.0,0
nominal,18,100,yoked,244.84408877800544,0.5796666666666667,0.004645830653280248,0.9581711516053806,0.15929793066694622,0.03210416666666667,0.0348136198872626,0.6874494922948986,0.0,0.0,0
nominal,19,100,yoked,237.03933166756468,0.42133333333333334,0.0024159573286472824,0.9472912466800131,0.17256492613541516,0.4374375,0.0630902995980589,0.4777270713839163,0.0,0.0,0
nominal,20,100,yoked,42.6104577660943,0.579,0.0036377941230410706,0.933923680158993,0.24112052336162926,0.0039791666666666664,0.0410294620703439,0.9016520179748626,0.0,0.0,0
nominal,21,100,yoked,96.5211863833456,0.579,0.0018982500681451213,0.95859690082349,0.2581058724941244,0.0017083333333333334,0.04129329498073588,0.7591232489090374,0.0,0.0,0
nominal,22,100,yoked,18.79552924477528,0.579,0.004867365136971763,0.9174826153850996,0.1777636940433333,0.0,0.041429495254605604,0.9043909072739014,0.0,0.0,0
nominal,23,100,yoked,52.913139725311915,0.42133333333333334,0.001182300622451898,0.9592956391095496,0.24915655704988324,0.0566875,0.05455876231627589,0.6903040274157698,0.0,0.0,0
nominal,0,200,yoked,30.892001773131156,0.5836666666666667,0.002495951317806186,0.9486686567552719,0.2085071430510728,0.012458333333333333,0.03582774541084339,0.7379145081800307,0.0,0.0,0
nominal,1,200,yoked,74.88764739715553,0.5836666666666667,0.001433949331095016,0.9617398030982727,0.2453264637987707,0.07429166666666667,0.06149317161257526,0.4462228322969427,0.0,0.0,0
nominal,2,200,yoked,162.8638462768674,0.5843333333333334,0.004332492264050881,0.9480729045116063,0.12184466776961439,0.42470833333333335,0.049134815875239726,0.5387932112560511,0.0,0.0,0
nominal,3,200,yoked,503.13430107860347,0.4146666666666667,0.005675956277159229,0.939854982566721,0.16092478512746491,0.17583333333333334,0.051089782207545315,0.4957435063307896,0.0,0.0,0
nominal,4,200,yoked,177.86774047267778,0.5836666666666667,0.0024578144949210456,0.9589881817359506,0.18375529584961706,0.355125,0.03295241554146008,0.46591244043097785,0.0,0.0,0
nominal,5,200,yoked,39.511928524046745,0.5816666666666667,0.0011486570646751517,0.9639050283461563,0.2867329657006461,0.004520833333333333,0.07770457024446212,0.695018914967487,0.0,0.0,0
nominal,6,200,yoked,12.776259725205493,0.583,0.003951933000044841,0.8975152081668103,0.2235373628566462,0.07283333333333333,0.04407232220590009,0.713216997542147,0.0,0.0,0
nominal,7,200,yoked,351.6409232108409,0.5843333333333334,0.0036724190087676144,0.9574892077232561,0.13290797425736886,0.4493958333333333,0.04435568590221749,0.5325708847706346,0.0,0.0,0
nominal,8,200,yoked,24.051645120770274,0.4156666666666667,0.004075443255526544,0.9068488240944912,0.20341961111502596,0.0,0.04720800845052612,0.8284366967992522,0.0,0.0,0
nominal,9,200,yoked,126.46219145360193,0.5856666666666667,0.004570134315371233,0.9306778026695709,0.13003986042953097,0.42683333333333334,0.07774724717690962,0.5117988901295142,0.0,0.0,0
nominal,10,200,yoked,153.2542064760912,0.41533333333333333,0.007719146449527368,0.8768701446896132,0.1901430906052565,0.05627083333333333,0.07553423172390776,0.6346380706550807,0.0,0.0,0
nominal,11,200,yoked,26.315156802652574,0.5853333333333334,0.0037936369286930755,0.9251250327870231,0.18822474456943158,0.07210416666666666,0.02893172223459801,0.7287571055625144,0.0,0.0,0
nominal,12,200,yoked,42.84763016635118,0.5846666666666667,0.0022092362779927914,0.9614988733494219,0.1680327948213008,0.06704166666666667,0.0214534526425993,0.609043139583255,0.0,0.0,0
nominal,13,200,yoked,191.0027809081444,0.4156666666666667,0.0017835672524757352,0.9601597203301961,0.24106903197202204,0.0035833333333333333,0.011831294634244571,0.604968336158489,0.0,0.0,0
nominal,14,200,yoked,92.50546637265252,0.416,0.0005756302779795876,0.9665177266447167,0.43078362708829365,0.08535416666666666,0.052583724779808126,0.5332059287378615,0.0,0.0,0
nominal,15,200,yoked,195.5319939282711,0.415,0.004864476793324233,0.9280369671042734,0.1843777248060907,0.05383333333333333,0.03099850395758943,0.5761006915142894,0.0,0.0,0
nominal,16,200,yoked,79.57605772737217,0.5853333333333334,0.0028558217164908473,0.9532595002596917,0.15383430600798023,0.1051875,0.0660042906362717,0.5610951081549665,0.0,0.0,0
nominal,17,200,yoked,47.58591956334997,0.416,0.00306032043205586,0.9152535266029695,0.27093733376658613,0.017875,0.05128692132862533,0.734872492698051,0.0,0.0,0
nominal,18,200,yoked,239.9610260089913,0.41533333333333333,0.00406215889304778,0.9490738632696246,0.16586964846337057,0.0114375,0.029518068140543658,0.5619391351082299,0.0,0.0,0
nominal,19,200,yoked,237.40336819147308,0.5856666666666667,0.0029461774348019058,0.9552148463481256,0.15701022072608734,0.4525,0.06051997743209955,0.3829212789636901,0.0,0.0,0
nominal,20,200,yoked,43.31080127389605,0.416,0.0030777405519142563,0.92628835249206,0.25371160190457054,0.0012916666666666667,0.04288273762853321,0.8094135506885263,0.0,0.0,0
nominal,21,200,yoked,94.80688013252015,0.416,0.0015765365606500235,0.9509838189835624,0.29732823449653784,0.000625,0.046918593029758614,0.6720309025533534,0.0,0.0,0
nominal,22,200,yoked,20.68357396993835,0.4156666666666667,0.004218921470189135,0.9103792735788131,0.19304946977379295,0.0,0.04063714306806026,0.824073208130065,0.0,0.0,0
nominal,23,200,yoked,51.68632792011974,0.5836666666666667,0.0014882234873651885,0.963194627798128,0.2248545771054314,0.0708125,0.05465967363370073,0.6662526506275798,0.0,0.0,0
nominal,0,300,yoked,30.24663884066791,0.5096666666666667,0.0022507057852623677,0.9480730867841107,0.22225678183446274,0.004,0.034162298338676,0.8596626676836924,0.0,0.0,0
nominal,1,300,yoked,69.10905011767956,0.5096666666666667,0.0013711692135186706,0.9673697891375496,0.25645499440133585,0.0578125,0.05339328256235269,0.6413005133645616,0.0,0.0,0
nominal,2,300,yoked,171.9630317187536,0.509,0.004232770250169671,0.9556107766624586,0.1325319310431746,0.3925208333333333,0.0554892704241844,0.7439884193957335,0.0,0.0,0
nominal,3,300,yoked,508.46972976078854,0.49166666666666664,0.006316039060469573,0.9406144972895198,0.1650687741867378,0.15375,0.04555094237036322,0.5373136940922916,0.0,0.0,0
nominal,4,300,yoked,176.86674962191867,0.5096666666666667,0.002431775814900847,0.9595997232571665,0.18957668085274668,0.3415625,0.027456579780092492,0.5980923598453038,0.0,0.0,0
nominal,5,300,yoked,35.45204857383518,0.5096666666666667,0.0009940947826664237,0.9716500873147489,0.31070502968042774,0.0004375,0.0731722415844026,0.6824296115908132,0.0,0.0,0
nominal,6,300,yoked,12.332990575004427,0.5063333333333333,0.0035476322121421214,0.895045397042335,0.23776206686609588,0.0565,0.04309891532676467,0.7561548513415398,0.0,0.0,0
nominal,7,300,yoked,352.26724258114155,0.5086666666666667,0.0034226008142172865,0.9696276416736448,0.13370353753324327,0.42820833333333336,0.040404882167440696,0.5170713386486006,0.0,0.0,0
nominal,8,300,yoked,22.618538024093063,0.49066666666666664,0.004446991627362162,0.9102114671545442,0.20444656689095067,0.0,0.03907654983477778,0.8841303571791455,0.0,0.0,0
nominal,9,300,yoked,130.40663930469464,0.508,0.004286110123982565,0.9307188736896678,0.13238876760497242,0.39035416666666667,0.07642135361170975,0.5675510253942124,0.0,0.0,0
nominal,10,300,yoked,150.53642826450553,0.492,0.00823540930910731,0.8824931560358767,0.17871585632416903,0.06152083333333333,0.06730089598078882,0.7620432910332813,0.0,0.0,0
nominal,11,300,yoked,27.922164625338198,0.5076666666666667,0.003686786364873651,0.9286484341131837,0.177375771552829,0.055875,0.018447983698963992,0.9069127342368217,0.0,0.0,0
nominal,12,300,yoked,45.55830341762329,0.5086666666666667,0.001999891496312666,0.9672482886792327,0.16158795275992238,0.04802083333333333,0.02337185295653482,0.7779422062816252,0.0,0.0,0
nominal,13,300,yoked,187.23877700603106,0.491,0.0019436305933388854,0.9627137199373212,0.22018637684753217,0.0039791666666666664,0.012977886361650908,0.6923385418473934,0.0,0.0,0
nominal,14,300,yoked,125.42945305103345,0.49066666666666664,0.0007162192665604983,0.963714613792655,0.3693353995205711,0.10116666666666667,0.051818038890012415,0.5941003083183063,0.0,0.0,0
nominal,15,300,yoked,189.42791565994187,0.49133333333333334,0.005270018745132664,0.9313764893050739,0.1908894011476013,0.058458333333333334,0.02385223921662249,0.565290283617835,0.0,0.0,0
nominal,16,300,yoked,83.16252898200466,0.509,0.0025927636944642458,0.9595209900919149,0.1528862187830057,0.0796875,0.0662338427939717,0.6155331805764344,0.0,0.0,0
nominal,17,300,yoked,47.282990201264155,0.49066666666666664,0.003310687213517344,0.9294386538079321,0.24231041748005622,0.0135,0.053934169725905465,0.7850628569433582,0.0,0.0,0
nominal,18,300,yoked,242.0060959566838,0.491,0.0044641202082571635,0.9524790282112775,0.16330525289680617,0.0206875,0.028401297831219793,0.6817736586071274,0.0,0.0,0
nominal,19,300,yoked,236.19757733966935,0.5076666666666667,0.0026355850210652045,0.9626052629995316,0.15553615637558338,0.4354375,0.060771072955955435,0.41986105102433263,0.0,0.0,0
nominal,20,300,yoked,43.46684840769994,0.49066666666666664,0.003333286674934138,0.9389049494030671,0.23335896259963762,0.0006041666666666667,0.0437598332720259,0.9369686906468284,0.0,0.0,0
nominal,21,300,yoked,104.2983672471976,0.49066666666666664,0.0018517461285796099,0.9545488468075526,0.2599260469369937,0.000875,0.0429689893346264,0.76606346071115,0.0,0.0,0
nominal,22,300,yoked,19.068425215082424,0.49066666666666664,0.004538004978156855,0.9111837218356061,0.18807832296929608,0.0,0.03351042509402582,0.8495875062575332,0.0,0.0,0
nominal,23,300,yoked,48.50921763446376,0.5096666666666667,0.0014015569255264738,0.9699281649959133,0.24198636511914795,0.05529166666666667,0.04470938972352487,0.6233800297086021,0.0,0.0,0
